10.196000000,3x3
4.5922,4.5922,4.5922
4.2691,4.2691,4.2691
4.52589,4.52589,4.52589
10.600000000,3x3
4.7716,4.7716,4.7716
4.43101,4.43101,4.43101
4.71388,4.71388,4.71388
11.28000000,3x3
5.15827,5.15827,5.15827
4.79781,4.79781,4.79781
5.10312,5.10312,5.10312
11.492000000,3x3
5.28389,5.28389,5.28389
4.92625,4.92625,4.92625
5.22284,5.22284,5.22284
11.948000000,3x3
5.4202,5.4202,5.4202
5.07351,5.07351,5.07351
5.35734,5.35734,5.35734
12.400000000,3x3
5.56017,5.56017,5.56017
5.22478,5.22478,5.22478
5.48249,5.48249,5.48249
12.868000000,3x3
5.69933,5.69933,5.69933
5.3684,5.3684,5.3684
5.62145,5.62145,5.62145
13.336000000,3x3
5.81766,5.81766,5.81766
5.48694,5.48694,5.48694
5.75656,5.75656,5.75656
13.804000000,3x3
5.96163,5.96163,5.96163
5.6259,5.6259,5.6259
5.91152,5.91152,5.91152
14.288000000,3x3
6.0875,6.0875,6.0875
5.76249,5.76249,5.76249
6.0322,6.0322,6.0322
14.728000000,3x3
6.24607,6.24607,6.24607
5.94088,5.94088,5.94088
6.17932,6.17932,6.17932
15.168000000,3x3
6.37767,6.37767,6.37767
6.08024,6.08024,6.08024
6.30761,6.30761,6.30761
15.560000000,3x3
6.49181,6.49181,6.49181
6.19577,6.19577,6.19577
6.42114,6.42114,6.42114
16.0,3x3
6.611,6.611,6.611
6.30137,6.30137,6.30137
6.5428,6.5428,6.5428
16.492000000,3x3
6.73593,6.73593,6.73593
6.41395,6.41395,6.41395
6.68096,6.68096,6.68096
16.932000000,3x3
6.85318,6.85318,6.85318
6.53692,6.53692,6.53692
6.80104,6.80104,6.80104
17.324000000,3x3
6.97157,6.97157,6.97157
6.64938,6.64938,6.64938
6.9209,6.9209,6.9209
17.740000000,3x3
7.10963,7.10963,7.10963
6.78938,6.78938,6.78938
7.05113,7.05113,7.05113
18.148000000,3x3
7.22671,7.22671,7.22671
6.90707,6.90707,6.90707
7.16872,7.16872,7.16872
18.572000000,3x3
7.33783,7.33783,7.33783
7.01686,7.01686,7.01686
7.28987,7.28987,7.28987
18.976000000,3x3
7.44818,7.44818,7.44818
7.12991,7.12991,7.12991
7.41269,7.41269,7.41269
19.400000000,3x3
7.57586,7.57586,7.57586
7.23864,7.23864,7.23864
7.53386,7.53386,7.53386
19.836000000,3x3
7.69635,7.69635,7.69635
7.34797,7.34797,7.34797
7.65784,7.65784,7.65784
20.240000000,3x3
7.80242,7.80242,7.80242
7.44956,7.44956,7.44956
7.77919,7.77919,7.77919
20.660000000,3x3
7.85102,7.85102,7.85102
7.50697,7.50697,7.50697
7.83144,7.83144,7.83144
21.88000000,3x3
7.83731,7.83731,7.83731
7.50719,7.50719,7.50719
7.82274,7.82274,7.82274
21.460000000,3x3
7.78731,7.78731,7.78731
7.46802,7.46802,7.46802
7.77861,7.77861,7.77861
21.896000000,3x3
7.65115,7.65115,7.65115
7.33639,7.33639,7.33639
7.65049,7.65049,7.65049
22.300000000,3x3
7.71549,7.71549,7.71549
7.40666,7.40666,7.40666
7.71876,7.71876,7.71876
22.672000000,3x3
7.83231,7.83231,7.83231
7.51128,7.51128,7.51128
7.83165,7.83165,7.83165
23.84000000,3x3
7.94985,7.94985,7.94985
7.61035,7.61035,7.61035
7.94081,7.94081,7.94081
23.532000000,3x3
8.08273,8.08273,8.08273
7.73479,7.73479,7.73479
8.06176,8.06176,8.06176
23.932000000,3x3
8.2286,8.2286,8.2286
7.90845,7.90845,7.90845
8.19755,8.19755,8.19755
24.344000000,3x3
8.34907,8.34907,8.34907
8.0495,8.0495,8.0495
8.30868,8.30868,8.30868
24.740000000,3x3
8.46777,8.46777,8.46777
8.16196,8.16196,8.16196
8.4179,8.4179,8.4179
25.148000000,3x3
8.57777,8.57777,8.57777
8.24987,8.24987,8.24987
8.53037,8.53037,8.53037
25.544000000,3x3
8.69346,8.69346,8.69346
8.35691,8.35691,8.35691
8.65138,8.65138,8.65138
25.908000000,3x3
8.78762,8.78762,8.78762
8.45193,8.45193,8.45193
8.75587,8.75587,8.75587
26.320000000,3x3
8.89709,8.89709,8.89709
8.57405,8.57405,8.57405
8.88522,8.88522,8.88522
26.748000000,3x3
9.02323,9.02323,9.02323
8.70724,8.70724,8.70724
9.01565,9.01565,9.01565
27.156000000,3x3
9.1418,9.1418,9.1418
8.82592,8.82592,8.82592
9.12525,9.12525,9.12525
27.556000000,3x3
9.25652,9.25652,9.25652
8.9445,8.9445,8.9445
9.23194,9.23194,9.23194
27.964000000,3x3
9.37874,9.37874,9.37874
9.08829,9.08829,9.08829
9.34295,9.34295,9.34295
28.372000000,3x3
9.50494,9.50494,9.50494
9.26169,9.26169,9.26169
9.45738,9.45738,9.45738
28.812000000,3x3
9.64493,9.64493,9.64493
9.4611,9.4611,9.4611
9.57814,9.57814,9.57814
29.240000000,3x3
9.75624,9.75624,9.75624
9.60877,9.60877,9.60877
9.68122,9.68122,9.68122
50.100000000,3x3
12.8901,12.8901,12.8901
12.7827,12.7827,12.7827
12.4116,12.4116,12.4116
50.492000000,3x3
12.8473,12.8473,12.8473
12.7167,12.7167,12.7167
12.3612,12.3612,12.3612
50.876000000,3x3
12.8411,12.8411,12.8411
12.7054,12.7054,12.7054
12.2957,12.2957,12.2957
51.268000000,3x3
12.8492,12.8492,12.8492
12.7243,12.7243,12.7243
12.1954,12.1954,12.1954
51.700000000,3x3
12.7927,12.7927,12.7927
12.6766,12.6766,12.6766
12.0716,12.0716,12.0716
52.108000000,3x3
12.8301,12.8301,12.8301
12.7203,12.7203,12.7203
12.0535,12.0535,12.0535
52.540000000,3x3
12.8831,12.8831,12.8831
12.7775,12.7775,12.7775
12.0796,12.0796,12.0796
53.32000000,3x3
12.8984,12.8984,12.8984
12.8126,12.8126,12.8126
12.0922,12.0922,12.0922
53.500000000,3x3
12.8537,12.8537,12.8537
12.7649,12.7649,12.7649
12.1184,12.1184,12.1184
53.968000000,3x3
12.8581,12.8581,12.8581
12.758,12.758,12.758
12.1464,12.1464,12.1464
54.452000000,3x3
12.9121,12.9121,12.9121
12.8053,12.8053,12.8053
12.1878,12.1878,12.1878
54.880000000,3x3
12.9826,12.9826,12.9826
12.8702,12.8702,12.8702
12.2243,12.2243,12.2243
55.244000000,3x3
13.0899,13.0899,13.0899
12.9693,12.9693,12.9693
12.2598,12.2598,12.2598
55.640000000,3x3
13.1103,13.1103,13.1103
12.9928,12.9928,12.9928
12.289,12.289,12.289
56.108000000,3x3
13.1371,13.1371,13.1371
13.0304,13.0304,13.0304
12.3199,12.3199,12.3199
56.588000000,3x3
13.2248,13.2248,13.2248
13.1144,13.1144,13.1144
12.3434,12.3434,12.3434
56.960000000,3x3
13.2327,13.2327,13.2327
13.1095,13.1095,13.1095
12.3741,12.3741,12.3741
57.372000000,3x3
13.1966,13.1966,13.1966
13.0741,13.0741,13.0741
12.4074,12.4074,12.4074
57.784000000,3x3
13.1778,13.1778,13.1778
13.0469,13.0469,13.0469
12.4288,12.4288,12.4288
58.204000000,3x3
13.3009,13.3009,13.3009
13.1826,13.1826,13.1826
12.4514,12.4514,12.4514
58.660000000,3x3
13.5704,13.5704,13.5704
13.4644,13.4644,13.4644
12.482,12.482,12.482
59.132000000,3x3
13.8445,13.8445,13.8445
13.7322,13.7322,13.7322
12.5315,12.5315,12.5315
59.608000000,3x3
13.8054,13.8054,13.8054
13.6828,13.6828,13.6828
12.5593,12.5593,12.5593
60.96000000,3x3
13.9338,13.9338,13.9338
13.8236,13.8236,13.8236
12.5924,12.5924,12.5924
60.552000000,3x3
13.9789,13.9789,13.9789
13.859,13.859,13.859
12.6374,12.6374,12.6374
60.988000000,3x3
14.3128,14.3128,14.3128
14.1849,14.1849,14.1849
13.0992,13.0992,13.0992
61.376000000,3x3
14.334,14.334,14.334
14.2125,14.2125,14.2125
13.1314,13.1314,13.1314
61.732000000,3x3
14.3096,14.3096,14.3096
14.1985,14.1985,14.1985
13.1475,13.1475,13.1475
62.112000000,3x3
14.4149,14.4149,14.4149
14.313,14.313,14.313
13.1683,13.1683,13.1683
62.464000000,3x3
14.5417,14.5417,14.5417
14.4408,14.4408,14.4408
13.2028,13.2028,13.2028
62.872000000,3x3
14.6719,14.6719,14.6719
14.5644,14.5644,14.5644
13.2338,13.2338,13.2338
63.300000000,3x3
14.4629,14.4629,14.4629
14.3474,14.3474,14.3474
13.2569,13.2569,13.2569
63.696000000,3x3
14.344,14.344,14.344
14.2297,14.2297,14.2297
13.2736,13.2736,13.2736
64.100000000,3x3
14.2568,14.2568,14.2568
14.1399,14.1399,14.1399
13.3055,13.3055,13.3055
64.516000000,3x3
14.296,14.296,14.296
14.1717,14.1717,14.1717
13.341,13.341,13.341
64.940000000,3x3
14.4805,14.4805,14.4805
14.3509,14.3509,14.3509
13.3783,13.3783,13.3783
65.344000000,3x3
14.4907,14.4907,14.4907
14.3569,14.3569,14.3569
13.4097,13.4097,13.4097
65.728000000,3x3
14.5735,14.5735,14.5735
14.44,14.44,14.44
13.4377,13.4377,13.4377
66.152000000,3x3
14.5565,14.5565,14.5565
14.4244,14.4244,14.4244
13.4848,13.4848,13.4848
66.564000000,3x3
14.7813,14.7813,14.7813
14.6682,14.6682,14.6682
13.4248,13.4248,13.4248
66.992000000,3x3
15.4743,15.4743,15.4743
15.3828,15.3828,15.3828
13.312,13.312,13.312
67.388000000,3x3
15.3842,15.3842,15.3842
15.2879,15.2879,15.2879
13.304,13.304,13.304
67.800000000,3x3
14.7997,14.7997,14.7997
14.6969,14.6969,14.6969
13.1853,13.1853,13.1853
68.184000000,3x3
14.3921,14.3921,14.3921
14.2801,14.2801,14.2801
13.2013,13.2013,13.2013
68.604000000,3x6
14.3453,14.3453,14.3453,12.7335,12.7335,12.7335
14.2279,14.2279,14.2279,12.7614,12.7614,12.7614
13.1962,13.1962,13.1962,11.9004,11.9004,11.9004
68.988000000,3x6
14.1947,14.1947,14.1947,12.6464,12.6464,12.6464
14.0734,14.0734,14.0734,12.6719,12.6719,12.6719
13.0867,13.0867,13.0867,11.8563,11.8563,11.8563
69.436000000,3x6
14.0091,14.0091,14.0091,12.5658,12.5658,12.5658
13.8953,13.8953,13.8953,12.5852,12.5852,12.5852
12.9481,12.9481,12.9481,11.8049,11.8049,11.8049
69.852000000,3x6
13.9804,13.9804,13.9804,12.4651,12.4651,12.4651
13.8601,13.8601,13.8601,12.4647,12.4647,12.4647
12.9815,12.9815,12.9815,11.7533,11.7533,11.7533
70.200000000,3x6
14.0129,14.0129,14.0129,12.4643,12.4643,12.4643
13.8888,13.8888,13.8888,12.4568,12.4568,12.4568
13.0045,13.0045,13.0045,11.732,11.732,11.732
70.552000000,3x6
14.2356,14.2356,14.2356,12.3708,12.3708,12.3708
14.1089,14.1089,14.1089,12.3691,12.3691,12.3691
13.3114,13.3114,13.3114,11.7272,11.7272,11.7272
70.888000000,3x6
14.2557,14.2557,14.2557,12.2325,12.2325,12.2325
14.1334,14.1334,14.1334,12.2421,12.2421,12.2421
13.3509,13.3509,13.3509,11.6139,11.6139,11.6139
71.200000000,3x6
14.3441,14.3441,14.3441,12.0562,12.0562,12.0562
14.2187,14.2187,14.2187,12.062,12.062,12.062
13.383,13.383,13.383,11.3803,11.3803,11.3803
71.600000000,3x6
14.3974,14.3974,14.3974,12.5668,12.5668,12.5668
14.2686,14.2686,14.2686,12.5617,12.5617,12.5617
13.4096,13.4096,13.4096,11.8666,11.8666,11.8666
71.944000000,3x6
14.5103,14.5103,14.5103,12.4579,12.4579,12.4579
14.3894,14.3894,14.3894,12.4555,12.4555,12.4555
13.4333,13.4333,13.4333,11.6663,11.6663,11.6663
72.292000000,3x6
14.5751,14.5751,14.5751,12.1947,12.1947,12.1947
14.4691,14.4691,14.4691,12.2027,12.2027,12.2027
13.4576,13.4576,13.4576,11.3601,11.3601,11.3601
72.636000000,3x6
14.5214,14.5214,14.5214,12.1365,12.1365,12.1365
14.4188,14.4188,14.4188,12.1472,12.1472,12.1472
13.4891,13.4891,13.4891,11.3932,11.3932,11.3932
73.32000000,3x6
14.5382,14.5382,14.5382,12.0829,12.0829,12.0829
14.4242,14.4242,14.4242,12.0828,12.0828,12.0828
13.5109,13.5109,13.5109,11.3565,11.3565,11.3565
73.400000000,3x6
14.5715,14.5715,14.5715,12.1087,12.1087,12.1087
14.4472,14.4472,14.4472,12.0959,12.0959,12.0959
13.5325,13.5325,13.5325,11.3829,11.3829,11.3829
73.800000000,3x6
14.5696,14.5696,14.5696,12.0535,12.0535,12.0535
14.4423,14.4423,14.4423,12.043,12.043,12.043
13.5535,13.5535,13.5535,11.3485,11.3485,11.3485
74.200000000,3x6
15.0228,15.0228,15.0228,12.1786,12.1786,12.1786
14.8968,14.8968,14.8968,12.1639,12.1639,12.1639
13.8994,13.8994,13.8994,11.3591,11.3591,11.3591
74.564000000,3x6
14.7932,14.7932,14.7932,12.1785,12.1785,12.1785
14.6663,14.6663,14.6663,12.1602,12.1602,12.1602
13.6698,13.6698,13.6698,11.3659,11.3659,11.3659
74.912000000,3x6
14.9156,14.9156,14.9156,12.3676,12.3676,12.3676
14.7912,14.7912,14.7912,12.3474,12.3474,12.3474
13.7384,13.7384,13.7384,11.5011,11.5011,11.5011
75.308000000,3x6
14.8846,14.8846,14.8846,12.3335,12.3335,12.3335
14.7617,14.7617,14.7617,12.3155,12.3155,12.3155
13.7882,13.7882,13.7882,11.5443,11.5443,11.5443
75.676000000,3x6
14.7639,14.7639,14.7639,12.1428,12.1428,12.1428
14.633,14.633,14.633,12.1322,12.1322,12.1322
13.8153,13.8153,13.8153,11.5085,11.5085,11.5085
76.36000000,3x6
14.6164,14.6164,14.6164,11.981,11.981,11.981
14.4673,14.4673,14.4673,11.9608,11.9608,11.9608
13.8458,13.8458,13.8458,11.5324,11.5324,11.5324
76.464000000,3x6
14.6313,14.6313,14.6313,11.9828,11.9828,11.9828
14.4858,14.4858,14.4858,11.9566,11.9566,11.9566
13.8694,13.8694,13.8694,11.5538,11.5538,11.5538
76.900000000,3x6
14.7692,14.7692,14.7692,12.0085,12.0085,12.0085
14.6351,14.6351,14.6351,11.9673,11.9673,11.9673
13.8996,13.8996,13.8996,11.4651,11.4651,11.4651
77.288000000,3x6
14.8204,14.8204,14.8204,11.9582,11.9582,11.9582
14.6862,14.6862,14.6862,11.9056,11.9056,11.9056
13.9301,13.9301,13.9301,11.3788,11.3788,11.3788
77.624000000,3x6
14.8806,14.8806,14.8806,12.0083,12.0083,12.0083
14.7453,14.7453,14.7453,11.9476,11.9476,11.9476
13.9646,13.9646,13.9646,11.3878,11.3878,11.3878
78.44000000,3x6
14.856,14.856,14.856,11.9553,11.9553,11.9553
14.7136,14.7136,14.7136,11.8886,11.8886,11.8886
14.005,14.005,14.005,11.3958,11.3958,11.3958
78.500000000,3x6
14.9013,14.9013,14.9013,11.9613,11.9613,11.9613
14.7754,14.7754,14.7754,11.909,11.909,11.909
14.0428,14.0428,14.0428,11.3926,11.3926,11.3926
78.968000000,3x6
14.9897,14.9897,14.9897,12.0059,12.0059,12.0059
14.8774,14.8774,14.8774,11.9623,11.9623,11.9623
14.0778,14.0778,14.0778,11.3933,11.3933,11.3933
79.356000000,3x6
15.0716,15.0716,15.0716,12.0322,12.0322,12.0322
14.9555,14.9555,14.9555,11.9813,11.9813,11.9813
14.1175,14.1175,14.1175,11.3691,11.3691,11.3691
79.848000000,3x6
15.0038,15.0038,15.0038,11.9389,11.9389,11.9389
14.8699,14.8699,14.8699,11.8768,11.8768,11.8768
14.1496,14.1496,14.1496,11.3901,11.3901,11.3901
80.320000000,3x6
14.9874,14.9874,14.9874,11.8756,11.8756,11.8756
14.8548,14.8548,14.8548,11.822,11.822,11.822
14.1933,14.1933,14.1933,11.3907,11.3907,11.3907
80.768000000,3x6
14.9924,14.9924,14.9924,11.9853,11.9853,11.9853
14.86,14.86,14.86,11.9189,11.9189,11.9189
14.2213,14.2213,14.2213,11.5279,11.5279,11.5279
81.188000000,3x6
15.0408,15.0408,15.0408,11.9159,11.9159,11.9159
14.9052,14.9052,14.9052,11.8459,11.8459,11.8459
14.3007,14.3007,14.3007,11.4973,11.4973,11.4973
81.580000000,3x6
15.1589,15.1589,15.1589,11.9354,11.9354,11.9354
15.0262,15.0262,15.0262,11.8639,11.8639,11.8639
14.3482,14.3482,14.3482,11.4497,11.4497,11.4497
82.0,3x6
15.1333,15.1333,15.1333,11.9224,11.9224,11.9224
14.9971,14.9971,14.9971,11.8458,11.8458,11.8458
14.38,14.38,14.38,11.4972,11.4972,11.4972
82.404000000,3x6
15.1288,15.1288,15.1288,11.8406,11.8406,11.8406
14.9922,14.9922,14.9922,11.7514,11.7514,11.7514
14.4159,14.4159,14.4159,11.4404,11.4404,11.4404
82.864000000,3x6
15.143,15.143,15.143,11.8394,11.8394,11.8394
15.0126,15.0126,15.0126,11.7495,11.7495,11.7495
14.4547,14.4547,14.4547,11.4617,11.4617,11.4617
83.376000000,3x6
15.0509,15.0509,15.0509,11.6218,11.6218,11.6218
14.9083,14.9083,14.9083,11.5227,11.5227,11.5227
14.4895,14.4895,14.4895,11.3646,11.3646,11.3646
83.856000000,3x6
15.0723,15.0723,15.0723,11.7456,11.7456,11.7456
14.9238,14.9238,14.9238,11.6467,11.6467,11.6467
14.539,14.539,14.539,11.5103,11.5103,11.5103
84.316000000,3x6
15.1305,15.1305,15.1305,11.7506,11.7506,11.7506
14.9763,14.9763,14.9763,11.6543,11.6543,11.6543
14.5999,14.5999,14.5999,11.517,11.517,11.517
84.732000000,3x6
15.209,15.209,15.209,11.8452,11.8452,11.8452
15.0569,15.0569,15.0569,11.7575,11.7575,11.7575
14.6615,14.6615,14.6615,11.6055,11.6055,11.6055
85.144000000,3x6
15.2792,15.2792,15.2792,11.8844,11.8844,11.8844
15.1315,15.1315,15.1315,11.7948,11.7948,11.7948
14.7039,14.7039,14.7039,11.6156,11.6156,11.6156
85.572000000,3x6
15.3339,15.3339,15.3339,11.8642,11.8642,11.8642
15.1972,15.1972,15.1972,11.7682,11.7682,11.7682
14.7425,14.7425,14.7425,11.573,11.573,11.573
85.968000000,3x6
15.2508,15.2508,15.2508,11.7986,11.7986,11.7986
15.0968,15.0968,15.0968,11.6809,11.6809,11.6809
14.7782,14.7782,14.7782,11.6344,11.6344,11.6344
86.388000000,3x6
15.2662,15.2662,15.2662,11.7618,11.7618,11.7618
15.1026,15.1026,15.1026,11.6279,11.6279,11.6279
14.8159,14.8159,14.8159,11.6192,11.6192,11.6192
86.796000000,3x6
15.2773,15.2773,15.2773,11.7333,11.7333,11.7333
15.1076,15.1076,15.1076,11.5954,11.5954,11.5954
14.8436,14.8436,14.8436,11.6104,11.6104,11.6104
87.220000000,3x6
15.3277,15.3277,15.3277,11.7507,11.7507,11.7507
15.1619,15.1619,15.1619,11.6239,11.6239,11.6239
14.878,14.878,14.878,11.6092,11.6092,11.6092
87.616000000,3x6
15.3302,15.3302,15.3302,11.7346,11.7346,11.7346
15.1657,15.1657,15.1657,11.6129,11.6129,11.6129
14.9089,14.9089,14.9089,11.6131,11.6131,11.6131
88.36000000,3x6
15.3924,15.3924,15.3924,11.7669,11.7669,11.7669
15.2421,15.2421,15.2421,11.6542,11.6542,11.6542
14.9488,14.9488,14.9488,11.619,11.619,11.619
88.440000000,3x6
15.5213,15.5213,15.5213,11.8708,11.8708,11.8708
15.3885,15.3885,15.3885,11.7617,11.7617,11.7617
14.9816,14.9816,14.9816,11.6347,11.6347,11.6347
88.872000000,3x6
15.5645,15.5645,15.5645,11.8771,11.8771,11.8771
15.4292,15.4292,15.4292,11.7718,11.7718,11.7718
15.0141,15.0141,15.0141,11.642,11.642,11.642
89.208000000,3x6
15.5216,15.5216,15.5216,11.9298,11.9298,11.9298
15.3815,15.3815,15.3815,11.8169,11.8169,11.8169
15.0387,15.0387,15.0387,11.7615,11.7615,11.7615
89.596000000,3x6
15.5547,15.5547,15.5547,11.8277,11.8277,11.8277
15.4121,15.4121,15.4121,11.7061,11.7061,11.7061
15.0738,15.0738,15.0738,11.6478,11.6478,11.6478
90.4000000,3x6
15.5932,15.5932,15.5932,11.9918,11.9918,11.9918
15.4584,15.4584,15.4584,11.8754,11.8754,11.8754
15.1225,15.1225,15.1225,11.8125,11.8125,11.8125
90.436000000,3x6
15.6157,15.6157,15.6157,12.0229,12.0229,12.0229
15.4771,15.4771,15.4771,11.9072,11.9072,11.9072
15.1579,15.1579,15.1579,11.8568,11.8568,11.8568
90.828000000,3x6
15.6022,15.6022,15.6022,11.9227,11.9227,11.9227
15.4581,15.4581,15.4581,11.8065,11.8065,11.8065
15.1863,15.1863,15.1863,11.8035,11.8035,11.8035
91.208000000,3x6
15.571,15.571,15.571,11.6578,11.6578,11.6578
15.4225,15.4225,15.4225,11.5334,11.5334,11.5334
15.2102,15.2102,15.2102,11.5927,11.5927,11.5927
91.592000000,3x6
15.5692,15.5692,15.5692,11.6446,11.6446,11.6446
15.4146,15.4146,15.4146,11.5008,11.5008,11.5008
15.2381,15.2381,15.2381,11.605,11.605,11.605
91.984000000,3x6
15.5967,15.5967,15.5967,11.6016,11.6016,11.6016
15.4391,15.4391,15.4391,11.4489,11.4489,11.4489
15.2799,15.2799,15.2799,11.5816,11.5816,11.5816
92.392000000,3x6
15.6528,15.6528,15.6528,11.7917,11.7917,11.7917
15.5027,15.5027,15.5027,11.6412,11.6412,11.6412
15.3209,15.3209,15.3209,11.761,11.761,11.761
92.748000000,3x6
15.6863,15.6863,15.6863,11.6727,11.6727,11.6727
15.5421,15.5421,15.5421,11.5172,11.5172,11.5172
15.3532,15.3532,15.3532,11.6435,11.6435,11.6435
93.112000000,3x6
15.7068,15.7068,15.7068,11.6749,11.6749,11.6749
15.5552,15.5552,15.5552,11.5103,11.5103,11.5103
15.3757,15.3757,15.3757,11.6564,11.6564,11.6564
93.500000000,3x6
15.6889,15.6889,15.6889,11.8749,11.8749,11.8749
15.5339,15.5339,15.5339,11.7039,11.7039,11.7039
15.4083,15.4083,15.4083,11.9149,11.9149,11.9149
93.880000000,3x6
15.716,15.716,15.716,11.8769,11.8769,11.8769
15.5579,15.5579,15.5579,11.7106,11.7106,11.7106
15.4439,15.4439,15.4439,11.9288,11.9288,11.9288
94.200000000,3x6
15.7389,15.7389,15.7389,11.6313,11.6313,11.6313
15.5835,15.5835,15.5835,11.4677,11.4677,11.4677
15.4819,15.4819,15.4819,11.6909,11.6909,11.6909
94.548000000,3x6
15.7649,15.7649,15.7649,11.8547,11.8547,11.8547
15.6093,15.6093,15.6093,11.6969,11.6969,11.6969
15.5202,15.5202,15.5202,11.9284,11.9284,11.9284
94.904000000,3x6
15.7949,15.7949,15.7949,11.8552,11.8552,11.8552
15.6412,15.6412,15.6412,11.694,11.694,11.694
15.5504,15.5504,15.5504,11.9214,11.9214,11.9214
95.272000000,3x6
15.8156,15.8156,15.8156,11.8378,11.8378,11.8378
15.6587,15.6587,15.6587,11.6669,11.6669,11.6669
15.5759,15.5759,15.5759,11.8984,11.8984,11.8984
95.704000000,3x3
11.8037,11.8037,11.8037
11.6226,11.6226,11.6226
11.8482,11.8482,11.8482
96.132000000,3x3
11.7599,11.7599,11.7599
11.5824,11.5824,11.5824
11.7992,11.7992,11.7992
96.488000000,3x3
11.8513,11.8513,11.8513
11.6692,11.6692,11.6692
11.9075,11.9075,11.9075
96.864000000,3x3
11.8328,11.8328,11.8328
11.6436,11.6436,11.6436
11.9031,11.9031,11.9031
97.220000000,3x3
11.8747,11.8747,11.8747
11.6856,11.6856,11.6856
11.9353,11.9353,11.9353
97.584000000,3x3
11.855,11.855,11.855
11.6506,11.6506,11.6506
11.9431,11.9431,11.9431
97.948000000,3x3
11.7687,11.7687,11.7687
11.5544,11.5544,11.5544
11.8772,11.8772,11.8772
98.300000000,3x3
11.9111,11.9111,11.9111
11.7124,11.7124,11.7124
12.0063,12.0063,12.0063
98.652000000,3x3
11.8437,11.8437,11.8437
11.6425,11.6425,11.6425
11.9276,11.9276,11.9276
99.24000000,3x3
11.8225,11.8225,11.8225
11.6211,11.6211,11.6211
11.9366,11.9366,11.9366
99.436000000,3x3
11.9238,11.9238,11.9238
11.7232,11.7232,11.7232
12.0612,12.0612,12.0612
99.808000000,3x3
11.8236,11.8236,11.8236
11.6421,11.6421,11.6421
11.9521,11.9521,11.9521
100.200000000,3x3
11.8996,11.8996,11.8996
11.7097,11.7097,11.7097
12.0277,12.0277,12.0277
100.600000000,3x3
11.911,11.911,11.911
11.7158,11.7158,11.7158
12.0151,12.0151,12.0151
100.900000000,3x3
11.98,11.98,11.98
11.7793,11.7793,11.7793
12.0782,12.0782,12.0782
101.228000000,3x3
11.9807,11.9807,11.9807
11.7792,11.7792,11.7792
12.0805,12.0805,12.0805
101.608000000,3x3
12.3547,12.3547,12.3547
12.161,12.161,12.161
12.4635,12.4635,12.4635
101.972000000,3x3
12.3308,12.3308,12.3308
12.1369,12.1369,12.1369
12.4641,12.4641,12.4641
102.348000000,3x3
12.3367,12.3367,12.3367
12.1195,12.1195,12.1195
12.4712,12.4712,12.4712
102.780000000,3x3
12.3074,12.3074,12.3074
12.0835,12.0835,12.0835
12.4612,12.4612,12.4612
103.236000000,3x3
12.3132,12.3132,12.3132
12.0867,12.0867,12.0867
12.4975,12.4975,12.4975
103.700000000,3x3
12.3382,12.3382,12.3382
12.1161,12.1161,12.1161
12.5214,12.5214,12.5214
104.52000000,3x3
12.273,12.273,12.273
12.0487,12.0487,12.0487
12.4649,12.4649,12.4649
104.432000000,3x3
12.2248,12.2248,12.2248
11.992,11.992,11.992
12.4258,12.4258,12.4258
104.820000000,3x3
12.2697,12.2697,12.2697
12.0365,12.0365,12.0365
12.4574,12.4574,12.4574
105.232000000,3x3
12.1331,12.1331,12.1331
11.9077,11.9077,11.9077
12.3057,12.3057,12.3057
105.628000000,3x3
12.266,12.266,12.266
12.0483,12.0483,12.0483
12.4357,12.4357,12.4357
105.900000000,3x3
12.1796,12.1796,12.1796
11.9651,11.9651,11.9651
12.3464,12.3464,12.3464
105.900000000,3x3
12.1661,12.1661,12.1661
11.9511,11.9511,11.9511
12.3342,12.3342,12.3342
105.900000000,3x3
12.122,12.122,12.122
11.9069,11.9069,11.9069
12.2908,12.2908,12.2908
105.900000000,3x3
12.122,12.122,12.122
11.9069,11.9069,11.9069
12.2908,12.2908,12.2908
