stamp,ns,class,score,u,v,world_x,world_y,world_z,gt_name,gt_x,gt_y,gt_z,err_x,err_y,err_z,err_norm,aquabot_x,aquabot_y,aquabot_z
621.160000,drone3,-1,0.939042,159.282684,479.247391,4.199301,-4.768590,0.000000,container1,7.361120,-5.263699,-1.849023,-3.161819,0.495109,1.849023,3.696095,-2.370672,-0.165257,-0.180426
621.160000,drone3,-1,0.935690,538.711548,59.292171,15.295636,-14.645645,0.000000,container5,16.869712,-15.264465,-1.758554,-1.574077,0.618821,1.758554,2.439912,-2.370672,-0.165257,-0.180426
621.196000,drone3,-1,0.938872,159.441437,479.287971,4.197820,-4.772707,0.000000,container1,7.360584,-5.263788,-1.861885,-3.162764,0.491082,1.861885,3.702817,-2.370380,-0.165286,-0.185494
621.196000,drone3,-1,0.936674,538.823853,59.716991,15.283896,-14.648467,0.000000,container5,16.869409,-15.264523,-1.771868,-1.585513,0.616056,1.771868,2.456195,-2.370380,-0.165286,-0.185494
621.260000,drone3,-1,0.940066,159.767151,479.449425,4.192964,-4.781257,0.000000,container1,7.360302,-5.263836,-1.868250,-3.167338,0.482579,1.868250,3.708810,-2.370871,-0.165335,-0.200157
621.260000,drone3,-1,0.935279,538.403320,60.140396,15.271785,-14.637268,0.000000,container5,16.869244,-15.264555,-1.778530,-1.597459,0.627287,1.778530,2.471545,-2.370871,-0.165335,-0.200157
621.324000,drone3,-1,0.940126,160.130966,479.469566,4.192631,-4.791295,0.000000,container1,7.359712,-5.263937,-1.880832,-3.167081,0.472641,1.880832,3.713667,-2.370698,-0.165376,-0.211460
621.324000,drone3,-1,0.933025,538.756714,60.321453,15.267380,-14.647205,0.000000,container5,16.868885,-15.264623,-1.791848,-1.601505,0.617419,1.791848,2.481278,-2.370698,-0.165376,-0.211460
621.392000,drone3,-1,0.940658,160.365768,479.348801,4.195819,-4.798254,0.000000,container1,7.359087,-5.264045,-1.893192,-3.163268,0.465791,1.893192,3.715831,-2.370474,-0.165411,-0.223195
621.392000,drone3,-1,0.931973,538.535034,60.188061,15.271447,-14.642750,0.000000,container5,16.868489,-15.264698,-1.805131,-1.597042,0.621948,1.805131,2.489149,-2.370474,-0.165411,-0.223195
621.424000,drone3,-1,0.940657,160.466507,479.272179,4.197785,-4.801369,0.000000,container1,7.358761,-5.264101,-1.899281,-3.160976,0.462733,1.899281,3.716606,-2.370799,-0.165431,-0.230664
621.424000,drone3,-1,0.933659,538.690308,60.063911,15.275126,-14.647693,0.000000,container5,16.868277,-15.264738,-1.811751,-1.593151,0.617045,1.811751,2.490244,-2.370799,-0.165431,-0.230664
621.492000,drone3,-1,0.940127,160.681488,479.173409,4.199119,-4.807894,0.000000,container1,7.358085,-5.264220,-1.911257,-3.158966,0.456327,1.911257,3.720242,-2.370567,-0.165459,-0.242213
621.492000,drone3,-1,0.931883,538.447388,60.004009,15.276540,-14.643259,0.000000,container5,16.867825,-15.264823,-1.824930,-1.591285,0.621563,1.824930,2.499779,-2.370567,-0.165459,-0.242213
621.556000,drone3,-1,0.940445,160.726501,479.144165,4.197974,-4.809834,0.000000,container1,7.357734,-5.264282,-1.917139,-3.159760,0.454449,1.917139,3.723711,-2.370981,-0.165493,-0.255169
621.556000,drone3,-1,0.933832,538.638550,60.278828,15.268649,-14.650161,0.000000,container5,16.867586,-15.264867,-1.831481,-1.598937,0.614706,1.831481,2.507745,-2.370981,-0.165493,-0.255169
621.592000,drone3,-1,0.940709,160.825409,479.250565,4.194712,-4.812904,0.000000,container1,7.357009,-5.264411,-1.928671,-3.162297,0.451507,1.928671,3.731455,-2.370620,-0.165501,-0.260640
621.592000,drone3,-1,0.933295,538.664612,60.291603,15.268006,-14.651461,0.000000,container5,16.867080,-15.264962,-1.844489,-1.599074,0.613501,1.844489,2.517053,-2.370620,-0.165501,-0.260640
621.656000,drone3,-1,0.941117,161.320465,479.181030,4.195765,-4.826695,0.000000,container1,7.356253,-5.264547,-1.939875,-3.160488,0.437852,1.939875,3.734101,-2.371079,-0.165535,-0.273427
621.656000,drone3,-1,0.932942,538.827942,60.512840,15.261674,-14.656883,0.000000,container5,16.866538,-15.265063,-1.857348,-1.604864,0.608180,1.857348,2.528876,-2.371079,-0.165535,-0.273427
621.720000,drone3,-1,0.941560,161.535309,479.190659,4.195162,-4.833146,0.000000,container1,7.355863,-5.264617,-1.945346,-3.160701,0.431472,1.945346,3.736384,-2.371003,-0.165556,-0.284378
621.720000,drone3,-1,0.934579,538.834412,60.566391,15.260037,-14.658011,0.000000,container5,16.866254,-15.265116,-1.863712,-1.606217,0.607105,1.863712,2.534154,-2.371003,-0.165556,-0.284378
621.788000,drone3,-1,0.941110,161.683441,479.099930,4.197222,-4.837691,0.000000,container1,7.355062,-5.264762,-1.956010,-3.157840,0.427071,1.956010,3.739027,-2.370661,-0.165572,-0.295056
621.788000,drone3,-1,0.937966,539.033630,61.010544,15.247556,-14.663548,0.000000,container5,16.865660,-15.265226,-1.876295,-1.618104,0.601678,1.876295,2.549658,-2.370661,-0.165572,-0.295056
621.820000,drone3,-1,0.940548,161.934784,479.182991,4.194950,-4.844545,0.000000,container1,7.354651,-5.264837,-1.961197,-3.159700,0.420292,1.961197,3.742545,-2.370965,-0.165589,-0.301038
621.820000,drone3,-1,0.940377,539.011597,61.674339,15.229465,-14.662874,0.000000,container5,16.865350,-15.265283,-1.882505,-1.635884,0.602409,1.882505,2.565705,-2.370965,-0.165589,-0.301038
621.888000,drone3,-1,0.941858,538.999023,62.654034,15.202122,-14.660831,0.000000,container5,16.865031,-15.265342,-1.888658,-1.662909,0.604512,1.888658,2.587997,-2.370592,-0.165602,-0.311328
621.888000,drone3,-1,0.938630,162.458588,479.156548,4.195304,-4.857435,0.000000,container1,7.354232,-5.264914,-1.966284,-3.158928,0.407479,1.966284,3.743145,-2.370592,-0.165602,-0.311328
621.920000,drone3,-1,0.941635,538.953369,62.750328,15.198729,-14.658159,0.000000,container5,16.864370,-15.265464,-1.900775,-1.665641,0.607306,1.900775,2.599255,-2.370852,-0.165615,-0.316892
621.920000,drone3,-1,0.938446,162.560440,479.141258,4.195457,-4.859132,0.000000,container1,7.353376,-5.265070,-1.976144,-3.157920,0.405939,1.976144,3.747317,-2.370852,-0.165615,-0.316892
621.988000,drone3,-1,0.942999,538.560181,63.171860,15.185901,-14.644735,0.000000,container5,16.864027,-15.265528,-1.906733,-1.678125,0.620793,1.906733,2.614789,-2.370486,-0.165616,-0.326748
621.988000,drone3,-1,0.939435,162.645508,479.251930,4.192130,-4.859311,0.000000,container1,7.352939,-5.265151,-1.980913,-3.160809,0.405840,1.980913,3.752257,-2.370486,-0.165616,-0.326748
622.020000,drone3,-1,0.943002,538.428650,63.396420,15.179244,-14.639822,0.000000,container5,16.863676,-15.265592,-1.912619,-1.684432,0.625771,1.912619,2.624312,-2.370763,-0.165621,-0.331822
622.020000,drone3,-1,0.939621,162.681427,479.328644,4.189973,-4.859291,0.000000,container1,7.352495,-5.265233,-1.985569,-3.162521,0.405942,1.985569,3.756170,-2.370763,-0.165621,-0.331822
622.084000,drone3,-1,0.945132,538.018433,63.743206,15.168740,-14.626214,0.000000,container5,16.862950,-15.265725,-1.924165,-1.694210,0.639511,1.924165,2.642297,-2.370424,-0.165614,-0.340705
622.084000,drone3,-1,0.939572,162.855362,479.358780,4.189587,-4.862462,0.000000,container1,7.351589,-5.265400,-1.994537,-3.162002,0.402938,1.994537,3.760159,-2.370424,-0.165614,-0.340705
622.116000,drone3,-1,0.945285,537.552246,64.077425,15.159296,-14.612642,0.000000,container5,16.862576,-15.265794,-1.929818,-1.703280,0.653152,1.929818,2.655554,-2.370680,-0.165616,-0.345294
622.116000,drone3,-1,0.938889,163.008194,479.289688,4.191951,-4.866037,0.000000,container1,7.351128,-5.265486,-1.998843,-3.159177,0.399448,1.998843,3.759698,-2.370680,-0.165616,-0.345294
622.184000,drone3,-1,0.943298,536.842896,64.528143,15.146615,-14.591230,0.000000,container5,16.862195,-15.265864,-1.935387,-1.715580,0.674634,1.935387,2.672839,-2.370082,-0.165593,-0.354303
622.184000,drone3,-1,0.938848,163.311798,479.141548,4.197949,-4.873546,0.000000,container1,7.350661,-5.265572,-2.003028,-3.152712,0.392026,2.003028,3.755715,-2.370082,-0.165593,-0.354303
622.216000,drone3,-1,0.941848,536.768799,64.580765,15.145158,-14.587987,0.000000,container5,16.861410,-15.266007,-1.946259,-1.716252,0.678020,1.946259,2.682006,-2.370455,-0.165594,-0.358372
622.216000,drone3,-1,0.938888,163.430191,479.059433,4.201592,-4.876682,0.000000,container1,7.349713,-5.265749,-2.011021,-3.148120,0.389066,2.011021,3.755828,-2.370455,-0.165594,-0.358372
622.284000,drone3,-1,0.940966,536.556519,64.255569,15.153512,-14.579574,0.000000,container5,16.861007,-15.266080,-1.951557,-1.707495,0.686506,1.951557,2.682425,-2.370015,-0.165570,-0.366688
622.284000,drone3,-1,0.939361,163.521332,479.131981,4.202824,-4.879185,0.000000,container1,7.349231,-5.265839,-2.014826,-3.146406,0.386654,2.014826,3.756182,-2.370015,-0.165570,-0.366688
622.316000,drone3,-1,0.940819,536.579651,64.129740,15.156752,-14.578848,0.000000,container5,16.860181,-15.266230,-1.961862,-1.703429,0.687382,1.961862,2.687577,-2.370270,-0.165572,-0.370203
622.316000,drone3,-1,0.939199,163.582291,479.179413,4.203059,-4.880838,0.000000,container1,7.348254,-5.266021,-2.022041,-3.145194,0.385183,2.022041,3.758892,-2.370270,-0.165572,-0.370203
622.384000,drone3,-1,0.939554,163.725098,479.346367,4.202055,-4.884336,0.000000,container1,7.347759,-5.266114,-2.025447,-3.145704,0.381778,2.025447,3.760804,-2.369780,-0.165540,-0.377937
622.384000,drone3,-1,0.939301,536.273438,64.351057,15.151622,-14.568273,0.000000,container5,16.859758,-15.266307,-1.966863,-1.708137,0.698034,1.966863,2.696948,-2.369780,-0.165540,-0.377937
622.416000,drone3,-1,0.940184,536.259033,64.053383,15.160223,-14.566719,0.000000,container5,16.858894,-15.266463,-1.976548,-1.698671,0.699744,1.976548,2.698494,-2.369991,-0.165539,-0.380947
622.416000,drone3,-1,0.939305,163.835449,479.305046,4.204854,-4.886890,0.000000,container1,7.346757,-5.266302,-2.031846,-3.141903,0.379411,2.031846,3.760839,-2.369991,-0.165539,-0.380947
622.480000,drone3,-1,0.940185,536.268494,64.305489,15.155141,-14.564985,0.000000,container5,16.858453,-15.266542,-1.981228,-1.703312,0.701557,1.981228,2.705312,-2.369578,-0.165508,-0.387576
622.480000,drone3,-1,0.939924,164.001541,479.318115,4.207441,-4.890427,0.000000,container1,7.346251,-5.266397,-2.034836,-3.138810,0.375970,2.034836,3.759526,-2.369578,-0.165508,-0.387576
622.512000,drone3,-1,0.940585,536.040527,64.327820,15.155222,-14.558134,0.000000,container5,16.858006,-15.266623,-1.985794,-1.702784,0.708489,1.985794,2.710131,-2.369777,-0.165509,-0.390036
622.512000,drone3,-1,0.939802,164.273376,479.457520,4.204975,-4.897065,0.000000,container1,7.345741,-5.266493,-2.037683,-3.140766,0.369428,2.037683,3.762053,-2.369777,-0.165509,-0.390036
622.580000,drone3,-1,0.941867,536.242432,64.450554,15.153250,-14.562274,0.000000,container5,16.857096,-15.266786,-1.994581,-1.703846,0.704512,1.994581,2.716207,-2.369270,-0.165473,-0.396503
622.580000,drone3,-1,0.939729,164.437088,479.565071,4.204677,-4.901332,0.000000,container1,7.344713,-5.266686,-2.042943,-3.140036,0.365354,2.042943,3.763898,-2.369270,-0.165473,-0.396503
622.612000,drone3,-1,0.942392,536.060608,64.686775,15.147389,-14.557474,0.000000,container5,16.856633,-15.266869,-1.998795,-1.709244,0.709395,1.998795,2.723957,-2.369455,-0.165473,-0.398396
622.612000,drone3,-1,0.939713,164.384109,479.574646,4.205640,-4.900628,0.000000,container1,7.344195,-5.266784,-2.045353,-3.138554,0.366155,2.045353,3.764049,-2.369455,-0.165473,-0.398396
622.680000,drone3,-1,0.943164,536.031982,64.507133,15.152314,-14.556114,0.000000,container5,16.855692,-15.267037,-2.006856,-1.703378,0.710922,2.006856,2.726605,-2.368970,-0.165434,-0.404128
622.680000,drone3,-1,0.939715,164.522827,479.537132,4.209085,-4.905634,0.000000,container1,7.343150,-5.266981,-2.049727,-3.134066,0.361346,2.049727,3.762223,-2.368970,-0.165434,-0.404128
622.744000,drone3,-1,0.941140,536.065918,64.983215,15.139330,-14.556014,0.000000,container5,16.855215,-15.267122,-2.010697,-1.715884,0.711108,2.010697,2.737305,-2.368588,-0.165397,-0.408868
622.744000,drone3,-1,0.939881,164.774933,479.509621,4.211923,-4.913434,0.000000,container1,7.342625,-5.267080,-2.051688,-3.130702,0.353646,2.051688,3.759758,-2.368588,-0.165397,-0.408868
622.780000,drone3,-1,0.941530,536.066345,64.818260,15.142919,-14.555231,0.000000,container5,16.854733,-15.267207,-2.014410,-1.711814,0.711976,2.014410,2.737712,-2.368590,-0.165388,-0.410542
622.780000,drone3,-1,0.940092,164.811661,479.326706,4.217219,-4.914681,0.000000,container1,7.342098,-5.267179,-2.053496,-3.124879,0.352498,2.053496,3.755792,-2.368590,-0.165388,-0.410542
622.844000,drone3,-1,0.942567,536.040039,65.208221,15.131181,-14.553188,0.000000,container5,16.853757,-15.267380,-2.021442,-1.722576,0.714192,2.021442,2.750193,-2.368101,-0.165345,-0.414837
622.844000,drone3,-1,0.939882,164.882202,479.198532,4.221138,-4.916895,0.000000,container1,7.341039,-5.267379,-2.056652,-3.119901,0.350484,2.056652,3.753190,-2.368101,-0.165345,-0.414837
622.876000,drone3,-1,0.941408,536.151794,65.378464,15.126236,-14.554883,0.000000,container5,16.853263,-15.267467,-2.024756,-1.727027,0.712584,2.024756,2.755002,-2.368324,-0.165342,-0.415190
622.876000,drone3,-1,0.940471,165.108139,479.346947,4.217769,-4.922444,0.000000,container1,7.340507,-5.267479,-2.057998,-3.122738,0.345035,2.057998,3.755782,-2.368324,-0.165342,-0.415190
622.944000,drone3,-1,0.942388,536.255005,66.156158,15.104997,-14.554661,0.000000,container5,16.852265,-15.267642,-2.030975,-1.747268,0.712982,2.030975,2.772390,-2.367849,-0.165292,-0.418857
622.944000,drone3,-1,0.940211,165.359634,479.343910,4.219041,-4.927769,0.000000,container1,7.339441,-5.267680,-2.060220,-3.120399,0.339911,2.060220,3.754589,-2.367849,-0.165292,-0.418857
622.976000,drone3,-1,0.942392,536.214539,65.882843,15.111931,-14.553057,0.000000,container5,16.851761,-15.267730,-2.033875,-1.739830,0.714673,2.033875,2.770273,-2.367905,-0.165283,-0.418987
622.976000,drone3,-1,0.939777,165.424973,479.289467,4.220728,-4.929384,0.000000,container1,7.338907,-5.267781,-2.061096,-3.118179,0.338397,2.061096,3.753088,-2.367905,-0.165283,-0.418987
623.044000,drone3,-1,0.941874,535.859375,66.523712,15.094794,-14.543521,0.000000,container5,16.851254,-15.267819,-2.036634,-1.756460,0.724298,2.036634,2.785253,-2.367496,-0.165233,-0.421535
623.044000,drone3,-1,0.940262,165.291595,479.218254,4.222890,-4.926061,0.000000,container1,7.338372,-5.267882,-2.061813,-3.115482,0.341821,2.061813,3.751552,-2.367496,-0.165233,-0.421535
623.076000,drone3,-1,0.940961,165.256973,479.332695,4.219746,-4.925257,0.000000,container1,7.337303,-5.268084,-2.062772,-3.117556,0.342826,2.062772,3.753894,-2.367458,-0.165220,-0.421485
623.076000,drone3,-1,0.939888,535.954285,66.439865,15.097266,-14.546426,0.000000,container5,16.850232,-15.267997,-2.041720,-1.752966,0.721570,2.041720,2.786068,-2.367458,-0.165220,-0.421485
623.140000,drone3,-1,0.941830,165.050201,479.269478,4.220880,-4.919992,0.000000,container1,7.336768,-5.268184,-2.063013,-3.115888,0.348192,2.063013,3.753135,-2.367015,-0.165174,-0.423536
623.140000,drone3,-1,0.939727,535.814514,66.481186,15.096943,-14.544060,0.000000,container5,16.849717,-15.268086,-2.044046,-1.752775,0.724026,2.044046,2.788289,-2.367015,-0.165174,-0.423536
623.176000,drone3,-1,0.941679,165.062302,479.291771,4.220085,-4.920407,0.000000,container1,7.335700,-5.268386,-2.063017,-3.115615,0.347979,2.063017,3.752891,-2.367079,-0.165166,-0.422540
623.176000,drone3,-1,0.939404,535.731323,66.148178,15.105942,-14.542365,0.000000,container5,16.848682,-15.268265,-2.048254,-1.742739,0.725900,2.048254,2.785573,-2.367079,-0.165166,-0.422540
623.240000,drone3,-1,0.941536,165.170578,479.417702,4.216481,-4.923435,0.000000,container1,7.335167,-5.268486,-2.062780,-3.118686,0.345051,2.062780,3.755040,-2.366605,-0.165119,-0.423828
623.240000,drone3,-1,0.935801,535.299011,65.652847,15.119231,-14.531770,0.000000,container5,16.848161,-15.268354,-2.050135,-1.728930,0.736584,2.050135,2.781152,-2.366605,-0.165119,-0.423828
623.272000,drone3,-1,0.941673,165.119537,479.460075,4.215197,-4.922192,0.000000,container1,7.334104,-5.268686,-2.061827,-3.118907,0.346494,2.061827,3.754833,-2.366730,-0.165117,-0.421872
623.272000,drone3,-1,0.935350,535.444458,65.314636,15.128316,-14.535920,0.000000,container5,16.847116,-15.268533,-2.053443,-1.718800,0.732613,2.053443,2.776261,-2.366730,-0.165117,-0.421872
623.340000,drone3,-1,0.941684,165.159607,479.483986,4.214230,-4.923426,0.000000,container1,7.333575,-5.268785,-2.061112,-3.119345,0.345359,2.061112,3.754699,-2.366184,-0.165064,-0.422740
623.340000,drone3,-1,0.932670,535.433655,65.018661,15.136496,-14.536448,0.000000,container5,16.846592,-15.268622,-2.054870,-1.710095,0.732174,2.054870,2.771822,-2.366184,-0.165064,-0.422740
623.404000,drone3,-1,0.941638,165.274078,479.463371,4.213981,-4.926233,0.000000,container1,7.332520,-5.268983,-2.059206,-3.118539,0.342750,2.059206,3.752745,-2.366223,-0.165046,-0.419186
623.404000,drone3,-1,0.934741,535.519043,65.470604,15.124921,-14.539514,0.000000,container5,16.845540,-15.268801,-2.057263,-1.720619,0.729287,2.057263,2.779338,-2.366223,-0.165046,-0.419186
623.472000,drone3,-1,0.941427,165.154907,479.503204,4.211839,-4.922809,0.000000,container1,7.331996,-5.269081,-2.058016,-3.120156,0.346272,2.058016,3.753759,-2.365882,-0.165013,-0.417203
623.472000,drone3,-1,0.935207,535.895630,65.854767,15.115037,-14.550175,0.000000,container5,16.845014,-15.268890,-2.058228,-1.729977,0.718714,2.058228,2.783105,-2.365882,-0.165013,-0.417203
623.504000,drone3,-1,0.941397,165.254410,479.778595,4.204033,-4.925292,0.000000,container1,7.330953,-5.269276,-2.055164,-3.126921,0.343984,2.055164,3.757613,-2.365716,-0.164995,-0.416670
623.504000,drone3,-1,0.934401,535.613220,66.337448,15.102263,-14.543167,0.000000,container5,16.843960,-15.269067,-2.059692,-1.741697,0.725899,2.059692,2.793344,-2.365716,-0.164995,-0.416670
623.572000,drone3,-1,0.942989,165.011383,479.733398,4.204483,-4.918416,0.000000,container1,7.330435,-5.269373,-2.053504,-3.125952,0.350957,2.053504,3.756545,-2.365504,-0.164969,-0.412754
623.572000,drone3,-1,0.934608,535.861328,66.174828,15.106745,-14.549886,0.000000,container5,16.843433,-15.269155,-2.060191,-1.736687,0.719269,2.060191,2.788874,-2.365504,-0.164969,-0.412754
623.604000,drone3,-1,0.942529,164.991882,479.709267,4.205490,-4.917518,0.000000,container1,7.329407,-5.269564,-2.049721,-3.123917,0.352046,2.049721,3.752885,-2.365325,-0.164951,-0.411840
623.604000,drone3,-1,0.932518,535.608276,66.064911,15.110047,-14.542940,0.000000,container5,16.842380,-15.269329,-2.060721,-1.732333,0.726390,2.060721,2.788402,-2.365325,-0.164951,-0.411840
623.668000,drone3,-1,0.941353,164.714050,479.465240,4.212861,-4.909860,0.000000,container1,7.328897,-5.269659,-2.047598,-3.116036,0.359799,2.047598,3.745904,-2.365111,-0.164929,-0.406846
623.668000,drone3,-1,0.934296,535.312256,66.067932,15.110834,-14.534760,0.000000,container5,16.841854,-15.269416,-2.060751,-1.731020,0.734656,2.060751,2.789775,-2.365111,-0.164929,-0.406846
623.736000,drone3,-1,0.941847,164.802719,479.830704,4.205285,-4.913271,0.000000,container1,7.327887,-5.269846,-2.042899,-3.122602,0.356575,2.042899,3.748497,-2.364649,-0.164883,-0.404540
623.736000,drone3,-1,0.931103,535.387817,65.281998,15.132343,-14.536668,0.000000,container5,16.840806,-15.269588,-2.060342,-1.708463,0.732920,2.060342,2.775072,-2.364649,-0.164883,-0.404540
623.768000,drone3,-1,0.941954,164.668335,479.536781,4.213399,-4.910122,0.000000,container1,7.327386,-5.269939,-2.040325,-3.113987,0.359817,2.040325,3.740229,-2.364723,-0.164878,-0.399862
623.768000,drone3,-1,0.931919,535.274536,65.608688,15.123884,-14.533903,0.000000,container5,16.840283,-15.269674,-2.059903,-1.716399,0.735771,2.059903,2.780393,-2.364723,-0.164878,-0.399862
623.836000,drone3,-1,0.941784,164.627640,479.448723,4.215607,-4.909838,0.000000,container1,7.326890,-5.270031,-2.037602,-3.111282,0.360193,2.037602,3.736528,-2.364285,-0.164839,-0.396761
623.836000,drone3,-1,0.935908,535.437683,66.308678,15.105175,-14.538817,0.000000,container5,16.839762,-15.269758,-2.059308,-1.734587,0.730942,2.059308,2.789950,-2.364285,-0.164839,-0.396761
623.900000,drone3,-1,0.941637,164.688446,479.480469,4.215125,-4.912378,0.000000,container1,7.325907,-5.270212,-2.031718,-3.110782,0.357834,2.031718,3.732678,-2.364133,-0.164817,-0.391137
623.900000,drone3,-1,0.933861,535.409851,66.552818,15.099361,-14.539298,0.000000,container5,16.838724,-15.269926,-2.057652,-1.739363,0.730628,2.057652,2.791619,-2.364133,-0.164817,-0.391137
623.932000,drone3,-1,0.942009,164.629166,479.464645,4.215766,-4.911324,0.000000,container1,7.325421,-5.270301,-2.028560,-3.109656,0.358977,2.028560,3.730131,-2.364011,-0.164808,-0.387483
623.932000,drone3,-1,0.932816,535.402893,66.242165,15.107948,-14.539752,0.000000,container5,16.838208,-15.270009,-2.056592,-1.730260,0.730257,2.056592,2.785075,-2.364011,-0.164808,-0.387483
624.000000,drone3,-1,0.942218,164.803131,479.445168,4.216595,-4.916131,0.000000,container1,7.324462,-5.270477,-2.021818,-3.107867,0.354346,2.021818,3.724533,-2.363572,-0.164776,-0.383188
624.000000,drone3,-1,0.933383,535.473450,65.823944,15.119722,-14.542239,0.000000,container5,16.837183,-15.270172,-2.054009,-1.717461,0.727933,2.054009,2.774619,-2.363572,-0.164776,-0.383188
624.032000,drone3,-1,0.942115,164.822998,479.424171,4.217239,-4.916608,0.000000,container1,7.323989,-5.270563,-2.018239,-3.106750,0.353955,2.018239,3.721622,-2.363705,-0.164779,-0.377171
624.032000,drone3,-1,0.932508,535.498840,65.448608,15.129905,-14.543022,0.000000,container5,16.836673,-15.270253,-2.052488,-1.706768,0.727231,2.052488,2.766700,-2.363705,-0.164779,-0.377171
624.100000,drone3,-1,0.942277,164.802719,479.478172,4.215441,-4.915320,0.000000,container1,7.323055,-5.270733,-2.010673,-3.107614,0.355413,2.010673,3.718385,-2.363516,-0.164764,-0.370124
624.100000,drone3,-1,0.935464,535.667603,66.116653,15.113967,-14.548480,0.000000,container5,16.835662,-15.270412,-2.048991,-1.721696,0.721932,2.048991,2.771964,-2.363516,-0.164764,-0.370124
624.164000,drone3,-1,0.941681,164.866943,479.501068,4.214203,-4.916197,0.000000,container1,7.322596,-5.270817,-2.006690,-3.108393,0.354619,2.006690,3.716809,-2.363512,-0.164759,-0.359062
624.164000,drone3,-1,0.935512,535.412903,66.214119,15.113009,-14.543041,0.000000,container5,16.835161,-15.270490,-2.047017,-1.722153,0.727448,2.047017,2.772232,-2.363512,-0.164759,-0.359062
624.196000,drone3,-1,0.940788,164.901520,479.464348,4.214694,-4.917084,0.000000,container1,7.321690,-5.270980,-1.998335,-3.106996,0.353896,1.998335,3.711066,-2.363212,-0.164743,-0.358761
624.196000,drone3,-1,0.934606,535.578003,66.248245,15.112765,-14.548331,0.000000,container5,16.834168,-15.270643,-2.042623,-1.721403,0.722312,2.042623,2.767177,-2.363212,-0.164743,-0.358761
624.264000,drone3,-1,0.940351,164.634064,479.347855,4.216326,-4.909903,0.000000,container1,7.321245,-5.271060,-1.993967,-3.104919,0.361158,1.993967,3.707676,-2.363263,-0.164739,-0.345999
624.264000,drone3,-1,0.934231,535.692749,66.101326,15.117872,-14.553467,0.000000,container5,16.833676,-15.270718,-2.040205,-1.715805,0.717252,2.040205,2.760593,-2.363263,-0.164739,-0.345999
624.296000,drone3,-1,0.940097,164.651794,479.205238,4.218641,-4.909997,0.000000,container1,7.320370,-5.271217,-1.984864,-3.101729,0.361220,1.984864,3.700120,-2.362898,-0.164721,-0.346439
624.296000,drone3,-1,0.934597,536.065857,66.505836,15.107749,-14.564604,0.000000,container5,16.832703,-15.270866,-2.034935,-1.724955,0.706262,2.034935,2.759572,-2.362898,-0.164721,-0.346439
624.396000,drone3,-1,0.940202,164.518982,479.176796,4.215125,-4.905440,0.000000,container1,7.319516,-5.271369,-1.975285,-3.104391,0.365929,1.975285,3.697688,-2.362803,-0.164713,-0.330989
624.396000,drone3,-1,0.934541,536.021118,66.571373,15.106906,-14.566911,0.000000,container5,16.831745,-15.271010,-2.029095,-1.724839,0.704099,2.029095,2.754642,-2.362803,-0.164713,-0.330989
624.428000,drone3,-1,0.940239,164.504623,479.285599,4.211003,-4.904743,0.000000,container1,7.319097,-5.271444,-1.970324,-3.108093,0.366701,1.970324,3.698228,-2.362822,-0.164714,-0.324450
624.428000,drone3,-1,0.934089,536.059021,66.601624,15.106249,-14.568802,0.000000,container5,16.831272,-15.271080,-2.025965,-1.725023,0.702279,2.025965,2.751987,-2.362822,-0.164714,-0.324450
624.496000,drone3,-1,0.940184,164.141647,479.243996,4.208177,-4.893880,0.000000,container1,7.318276,-5.271589,-1.960071,-3.110099,0.377709,1.960071,3.695573,-2.362538,-0.164706,-0.316704
624.496000,drone3,-1,0.932939,536.199036,66.712509,15.103492,-14.574690,0.000000,container5,16.830338,-15.271218,-2.019295,-1.726846,0.696527,2.019295,2.746761,-2.362538,-0.164706,-0.316704
624.528000,drone3,-1,0.940146,164.135818,479.319595,4.204085,-4.892957,0.000000,container1,7.317873,-5.271660,-1.954785,-3.113788,0.378703,1.954785,3.695981,-2.362694,-0.164713,-0.308740
624.528000,drone3,-1,0.932793,536.507935,66.231621,15.116192,-14.583813,0.000000,container5,16.829877,-15.271285,-2.015757,-1.713685,0.687472,2.015757,2.733608,-2.362694,-0.164713,-0.308740
624.592000,drone3,-1,0.939655,163.939636,479.289070,4.200647,-4.885680,0.000000,container1,7.317086,-5.271797,-1.943908,-3.116439,0.386117,1.943908,3.693245,-2.362523,-0.164712,-0.300340
624.592000,drone3,-1,0.933556,536.823120,65.538681,15.134295,-14.593432,0.000000,container5,16.828969,-15.271415,-2.008288,-1.694674,0.677983,2.008288,2.713817,-2.362523,-0.164712,-0.300340
624.624000,drone3,-1,0.939863,163.609070,479.244781,4.199649,-4.875766,0.000000,container1,7.316702,-5.271864,-1.938322,-3.117053,0.396098,1.938322,3.691884,-2.362646,-0.164719,-0.292105
624.624000,drone3,-1,0.933976,536.786316,65.413940,15.137435,-14.592961,0.000000,container5,16.828523,-15.271479,-2.004361,-1.691087,0.678518,2.004361,2.708805,-2.362646,-0.164719,-0.292105
624.692000,drone3,-1,0.940716,163.188660,479.396996,4.191943,-4.861843,0.000000,container1,7.315950,-5.271994,-1.926873,-3.124007,0.410151,1.926873,3.693303,-2.362470,-0.164721,-0.283101
624.692000,drone3,-1,0.935207,537.091919,65.578651,15.132693,-14.600901,0.000000,container5,16.827643,-15.271603,-1.996130,-1.694950,0.670702,1.996130,2.703189,-2.362470,-0.164721,-0.283101
624.760000,drone3,-1,0.940301,162.672485,479.356735,4.189879,-4.845246,0.000000,container1,7.315584,-5.272057,-1.921016,-3.125705,0.426811,1.921016,3.693575,-2.362664,-0.164743,-0.266013
624.760000,drone3,-1,0.933415,537.207520,64.843964,15.151285,-14.602800,0.000000,container5,16.827211,-15.271663,-1.991831,-1.675926,0.668863,1.991831,2.687656,-2.362664,-0.164743,-0.266013
624.824000,drone3,-1,0.940407,162.535568,479.351349,4.187339,-4.839471,0.000000,container1,7.314869,-5.272179,-1.909050,-3.127530,0.432708,1.909050,3.689601,-2.362603,-0.164757,-0.256414
624.824000,drone3,-1,0.935219,537.074097,64.436378,15.160505,-14.598108,0.000000,container5,16.826362,-15.271779,-1.982878,-1.665857,0.673671,1.982878,2.675951,-2.362603,-0.164757,-0.256414
624.892000,drone3,-1,0.940062,162.494125,479.343239,4.184904,-4.835786,0.000000,container1,7.314180,-5.272296,-1.896772,-3.129276,0.436510,1.896772,3.685194,-2.362515,-0.164772,-0.246365
624.892000,drone3,-1,0.935539,537.431458,63.869911,15.173756,-14.605628,0.000000,container5,16.825533,-15.271890,-1.973468,-1.651778,0.666262,1.973468,2.658355,-2.362515,-0.164772,-0.246365
624.924000,drone3,-1,0.940320,162.403320,479.332397,4.183987,-4.832084,0.000000,container1,7.313845,-5.272352,-1.890524,-3.129858,0.440268,1.890524,3.682924,-2.362671,-0.164787,-0.237462
624.924000,drone3,-1,0.926423,537.299500,62.150742,15.218049,-14.600807,0.000000,container5,16.825127,-15.271944,-1.968597,-1.607078,0.671137,1.968597,2.628402,-2.362671,-0.164787,-0.237462
624.988000,drone3,-1,0.939800,162.406174,479.144928,4.187132,-4.830322,0.000000,container1,7.313517,-5.272407,-1.884207,-3.126384,0.442085,1.884207,3.676949,-2.362663,-0.164814,-0.227106
624.988000,drone3,-1,0.929831,537.117798,63.318554,15.185722,-14.594610,0.000000,container5,16.824727,-15.271997,-1.963620,-1.639004,0.677387,1.963620,2.645939,-2.362663,-0.164814,-0.227106
625.020000,drone3,-1,0.940061,162.213898,479.059921,4.188666,-4.824676,0.000000,container1,7.312879,-5.272513,-1.871384,-3.124213,0.447838,1.871384,3.669243,-2.362837,-0.164834,-0.218028
625.020000,drone3,-1,0.934725,537.186523,63.846455,15.171096,-14.595843,0.000000,container5,16.823943,-15.272098,-1.953357,-1.652846,0.676255,1.953357,2.646663,-2.362837,-0.164834,-0.218028
625.088000,drone3,-1,0.940292,162.193329,479.081230,4.186967,-4.823569,0.000000,container1,7.312268,-5.272614,-1.858329,-3.125301,0.449045,1.858329,3.663677,-2.362843,-0.164871,-0.207092
625.088000,drone3,-1,0.935775,537.023560,64.275597,15.158112,-14.590595,0.000000,container5,16.823181,-15.272194,-1.942701,-1.665069,0.681599,1.942701,2.647852,-2.362843,-0.164871,-0.207092
625.156000,drone3,-1,0.940360,162.182159,479.072189,4.186353,-4.823317,0.000000,container1,7.311972,-5.272662,-1.851724,-3.125619,0.449345,1.851724,3.660640,-2.363105,-0.164912,-0.191151
625.156000,drone3,-1,0.939793,536.751343,64.631172,15.146987,-14.582778,0.000000,container5,16.822809,-15.272240,-1.937232,-1.675822,0.689462,1.937232,2.652660,-2.363105,-0.164912,-0.191151
625.188000,drone3,-1,0.940358,162.038635,478.936119,4.189823,-4.819749,0.000000,container1,7.311400,-5.272755,-1.838374,-3.121577,0.453005,1.838374,3.650901,-2.363087,-0.164931,-0.186566
625.188000,drone3,-1,0.937855,536.408813,64.651932,15.145437,-14.573244,0.000000,container5,16.822083,-15.272329,-1.926029,-1.676646,0.699085,1.926029,2.647536,-2.363087,-0.164931,-0.186566
625.252000,drone3,-1,0.940946,535.855835,64.870438,15.137716,-14.557683,0.000000,container5,16.821381,-15.272412,-1.914490,-1.683665,0.714728,1.914490,2.647799,-2.363301,-0.164973,-0.173314
625.252000,drone3,-1,0.940492,161.610779,478.973862,4.188596,-4.808978,0.000000,container1,7.310856,-5.272842,-1.824864,-3.122260,0.463863,1.824864,3.646067,-2.363301,-0.164973,-0.173314
625.320000,drone3,-1,0.940929,535.849915,64.897484,15.135124,-14.556965,0.000000,container5,16.821039,-15.272451,-1.908603,-1.685915,0.715486,1.908603,2.645183,-2.363585,-0.165019,-0.156361
625.320000,drone3,-1,0.940499,161.350922,478.878700,4.190114,-4.802414,0.000000,container1,7.310594,-5.272883,-1.818058,-3.120481,0.470469,1.818058,3.641988,-2.363585,-0.165019,-0.156361
625.384000,drone3,-1,0.941563,535.925842,64.756447,15.137321,-14.558085,0.000000,container5,16.820374,-15.272527,-1.896609,-1.683053,0.714442,1.896609,2.634430,-2.363754,-0.165065,-0.144732
625.384000,drone3,-1,0.940623,161.234665,478.718651,4.194158,-4.799717,0.000000,container1,7.310091,-5.272962,-1.804362,-3.115933,0.473245,1.804362,3.631628,-2.363754,-0.165065,-0.144732
625.452000,drone3,-1,0.944474,536.092529,64.724060,15.136850,-14.561225,0.000000,container5,16.820051,-15.272562,-1.890509,-1.683201,0.711337,1.890509,2.629295,-2.364110,-0.165121,-0.129071
625.452000,drone3,-1,0.940650,161.041412,478.885796,4.190377,-4.795220,0.000000,container1,7.309849,-5.273000,-1.797479,-3.119472,0.477780,1.797479,3.631847,-2.364110,-0.165121,-0.129071
625.484000,drone3,-1,0.944469,536.012268,64.984695,15.128702,-14.557602,0.000000,container5,16.819424,-15.272630,-1.878118,-1.690722,0.715028,1.878118,2.626239,-2.364177,-0.165145,-0.123312
625.484000,drone3,-1,0.940871,160.885620,478.961845,4.188302,-4.790688,0.000000,container1,7.309387,-5.273071,-1.783663,-3.121085,0.482383,1.783663,3.627027,-2.364177,-0.165145,-0.123312
625.552000,drone3,-1,0.945457,536.207031,65.180672,15.120855,-14.559422,0.000000,container5,16.818822,-15.272692,-1.865495,-1.697967,0.713269,1.865495,2.621434,-2.364419,-0.165206,-0.111058
625.552000,drone3,-1,0.940691,160.819290,479.101105,4.184531,-4.788005,0.000000,container1,7.308953,-5.273137,-1.769804,-3.124421,0.485132,1.769804,3.623474,-2.364419,-0.165206,-0.111058
625.616000,drone3,-1,0.942461,536.435669,64.695328,15.132460,-14.563387,0.000000,container5,16.818531,-15.272721,-1.859105,-1.686071,0.709334,1.859105,2.608115,-2.364915,-0.165272,-0.092543
625.616000,drone3,-1,0.940686,160.598022,479.180725,4.183634,-4.782429,0.000000,container1,7.308746,-5.273168,-1.762868,-3.125112,0.490739,1.762868,3.621443,-2.364915,-0.165272,-0.092543
625.684000,drone3,-1,0.942464,536.680481,64.921669,15.125588,-14.568267,0.000000,container5,16.817968,-15.272775,-1.846186,-1.692381,0.704509,1.846186,2.601708,-2.365227,-0.165342,-0.080092
625.684000,drone3,-1,0.941155,160.469116,479.113022,4.186490,-4.779311,0.000000,container1,7.308353,-5.273226,-1.749000,-3.121863,0.493915,1.749000,3.612337,-2.365227,-0.165342,-0.080092
625.716000,drone3,-1,0.942474,536.758911,64.903183,15.125768,-14.569826,0.000000,container5,16.817697,-15.272801,-1.839663,-1.691929,0.702975,1.839663,2.596374,-2.365483,-0.165375,-0.071004
625.716000,drone3,-1,0.941280,160.339447,479.137802,4.186225,-4.776070,0.000000,container1,7.308167,-5.273253,-1.742076,-3.121941,0.497183,1.742076,3.609506,-2.365483,-0.165375,-0.071004
625.780000,drone3,-1,0.943268,537.312866,64.310823,15.141415,-14.583219,0.000000,container5,16.817173,-15.272848,-1.826509,-1.675758,0.689629,1.826509,2.572914,-2.365829,-0.165448,-0.058864
625.780000,drone3,-1,0.941394,160.171844,479.278908,4.183411,-4.771499,0.000000,container1,7.307815,-5.273304,-1.728266,-3.124404,0.501804,1.728266,3.605636,-2.365829,-0.165448,-0.058864
625.812000,drone3,-1,0.941999,537.499084,63.817493,15.154804,-14.587477,0.000000,container5,16.816922,-15.272869,-1.819884,-1.662118,0.685393,1.819884,2.558198,-2.366100,-0.165487,-0.049930
625.812000,drone3,-1,0.941215,159.880707,479.351089,4.181982,-4.763445,0.000000,container1,7.307650,-5.273327,-1.721388,-3.125668,0.509882,1.721388,3.604574,-2.366100,-0.165487,-0.049930
625.880000,drone3,-1,0.942426,537.999329,63.750084,15.157916,-14.599768,0.000000,container5,16.816438,-15.272909,-1.806559,-1.658522,0.673140,1.806559,2.543122,-2.366496,-0.165576,-0.037388
625.880000,drone3,-1,0.940681,160.005524,479.382576,4.182202,-4.765710,0.000000,container1,7.307340,-5.273370,-1.707703,-3.125139,0.507660,1.707703,3.597285,-2.366496,-0.165576,-0.037388
625.948000,drone3,-1,0.942611,538.132690,63.835217,15.157482,-14.602914,0.000000,container5,16.816206,-15.272927,-1.799865,-1.658724,0.670013,1.799865,2.537675,-2.366977,-0.165670,-0.023863
625.948000,drone3,-1,0.940723,159.932495,479.409065,4.182388,-4.762645,0.000000,container1,7.307196,-5.273390,-1.700904,-3.124807,0.510745,1.700904,3.594211,-2.366977,-0.165670,-0.023863
625.980000,drone3,-1,0.942885,537.791748,63.734125,15.160550,-14.593617,0.000000,container5,16.815762,-15.272959,-1.786432,-1.655213,0.679342,1.786432,2.528354,-2.367225,-0.165711,-0.016108
625.980000,drone3,-1,0.940773,159.951797,479.417152,4.182241,-4.762440,0.000000,container1,7.306927,-5.273426,-1.687410,-3.124686,0.510986,1.687410,3.587774,-2.367225,-0.165711,-0.016108
626.044000,drone3,-1,0.942304,537.745056,63.550278,15.166226,-14.591644,0.000000,container5,16.815551,-15.272974,-1.779700,-1.649324,0.681330,1.779700,2.520280,-2.367669,-0.165802,-0.004056
626.044000,drone3,-1,0.940070,159.989746,479.629494,4.176696,-4.762002,0.000000,container1,7.306803,-5.273443,-1.680723,-3.130107,0.511440,1.680723,3.589425,-2.367669,-0.165802,-0.004056
626.112000,drone3,-1,0.940555,537.916870,63.187000,15.176274,-14.594225,0.000000,container5,16.815147,-15.272999,-1.766224,-1.638874,0.678774,1.766224,2.503236,-2.368330,-0.165900,0.013152
626.112000,drone3,-1,0.940124,159.823120,479.570839,4.177610,-4.754807,0.000000,container1,7.306576,-5.273472,-1.667484,-3.128966,0.518665,1.667484,3.583287,-2.368330,-0.165900,0.013152
626.176000,drone3,-1,0.940188,537.691345,62.772865,15.187649,-14.586403,0.000000,container5,16.814955,-15.273010,-1.759487,-1.627306,0.686607,1.759487,2.493060,-2.368824,-0.165998,0.024992
626.176000,drone3,-1,0.939263,159.614563,479.641945,4.175316,-4.746687,0.000000,container1,7.306473,-5.273485,-1.660941,-3.131156,0.526798,1.660941,3.583348,-2.368824,-0.165998,0.024992
626.208000,drone3,-1,0.940155,537.898132,62.657272,15.191127,-14.590946,0.000000,container5,16.814592,-15.273029,-1.746032,-1.623465,0.682083,1.746032,2.479819,-2.369147,-0.166043,0.032330
626.208000,drone3,-1,0.939232,159.636169,479.721115,4.173255,-4.746058,0.000000,container1,7.306286,-5.273508,-1.648022,-3.133031,0.527451,1.648022,3.579115,-2.369147,-0.166043,0.032330
626.276000,drone3,-1,0.938683,159.443558,479.670799,4.174631,-4.738627,0.000000,container1,7.306126,-5.273527,-1.635351,-3.131495,0.534900,1.635351,3.573059,-2.369731,-0.166151,0.045158
626.276000,drone3,-1,0.937589,538.483093,62.184010,15.204576,-14.604576,0.000000,container5,16.814255,-15.273043,-1.732628,-1.609679,0.668467,1.732628,2.457624,-2.369731,-0.166151,0.045158
626.344000,drone3,-1,0.937824,159.233246,479.555374,4.177836,-4.731100,0.000000,container1,7.306056,-5.273535,-1.629116,-3.128220,0.542435,1.629116,3.568475,-2.370345,-0.166259,0.057844
626.344000,drone3,-1,0.937454,538.416199,62.174438,15.205834,-14.601557,0.000000,container5,16.814097,-15.273049,-1.725953,-1.608263,0.671491,1.725953,2.452820,-2.370345,-0.166259,0.057844
626.376000,drone3,-1,0.938416,159.183945,479.492393,4.180116,-4.729175,0.000000,container1,7.305935,-5.273548,-1.616866,-3.125820,0.544373,1.616866,3.561088,-2.370672,-0.166306,0.064762
626.376000,drone3,-1,0.937085,538.541382,62.203423,15.205748,-14.604240,0.000000,container5,16.813800,-15.273057,-1.712677,-1.608052,0.668816,1.712677,2.442623,-2.370672,-0.166306,0.064762
626.440000,drone3,-1,0.938322,538.861267,62.032616,15.211708,-14.611377,0.000000,container5,16.813662,-15.273059,-1.706082,-1.601954,0.661683,1.706082,2.432035,-2.371248,-0.166415,0.076032
626.440000,drone3,-1,0.937773,158.812836,479.538773,4.180457,-4.718418,0.000000,container1,7.305885,-5.273553,-1.610858,-3.125428,0.555135,1.610858,3.559682,-2.371248,-0.166415,0.076032
626.476000,drone3,-1,0.937623,158.575958,479.413078,4.184881,-4.711767,0.000000,container1,7.305803,-5.273561,-1.599088,-3.120923,0.561794,1.599088,3.551458,-2.371651,-0.166468,0.083696
626.476000,drone3,-1,0.936412,539.018921,61.672798,15.222147,-14.614848,0.000000,container5,16.813405,-15.273062,-1.692997,-1.591258,0.658214,1.692997,2.414867,-2.371651,-0.166468,0.083696
626.572000,drone3,-1,0.936985,538.240967,61.853325,15.220038,-14.593228,0.000000,container5,16.813286,-15.273062,-1.686513,-1.593248,0.679834,1.686513,2.417631,-2.372635,-0.166631,0.101375
626.572000,drone3,-1,0.936511,158.319397,479.216438,4.193609,-4.704506,0.000000,container1,7.305772,-5.273564,-1.593334,-3.112163,0.569058,1.593334,3.542329,-2.372635,-0.166631,0.101375
626.604000,drone3,-1,0.935958,538.726746,61.588665,15.227980,-14.605795,0.000000,container5,16.813068,-15.273059,-1.673681,-1.585088,0.667263,1.673681,2.399782,-2.373011,-0.166687,0.107151
626.604000,drone3,-1,0.934421,158.081436,479.235909,4.194451,-4.698580,0.000000,container1,7.305728,-5.273566,-1.582101,-3.111276,0.574986,1.582101,3.537470,-2.373011,-0.166687,0.107151
626.672000,drone3,-1,0.935585,538.278687,61.787964,15.224481,-14.594147,0.000000,container5,16.812969,-15.273056,-1.667339,-1.588488,0.678909,1.667339,2.400882,-2.373709,-0.166801,0.118806
626.672000,drone3,-1,0.932255,158.099579,479.306282,4.195266,-4.699890,0.000000,container1,7.305715,-5.273566,-1.576628,-3.110449,0.573677,1.576628,3.534084,-2.373709,-0.166801,0.118806
626.740000,drone3,-1,0.938040,538.523315,61.599663,15.230961,-14.601710,0.000000,container5,16.812790,-15.273048,-1.654821,-1.581829,0.671339,1.654821,2.385647,-2.374413,-0.166926,0.129522
626.740000,drone3,-1,0.932488,157.237625,479.104416,4.202021,-4.678545,0.000000,container1,7.305707,-5.273565,-1.565985,-3.103686,0.595019,1.565985,3.526928,-2.374413,-0.166926,0.129522
626.804000,drone3,-1,0.931822,156.707031,479.328300,4.197483,-4.665877,0.000000,container1,7.305723,-5.273560,-1.555764,-3.108240,0.607683,1.555764,3.528574,-2.375199,-0.167026,0.140316
626.804000,drone3,-1,0.930079,538.755371,60.173149,15.269454,-14.608352,0.000000,container5,16.812636,-15.273037,-1.642545,-1.543182,0.664685,1.642545,2.349718,-2.375199,-0.167026,0.140316
626.836000,drone3,-1,0.932518,156.734024,479.407875,4.196110,-4.667203,0.000000,container1,7.305763,-5.273553,-1.545986,-3.109652,0.606350,1.545986,3.525290,-2.375520,-0.167084,0.145166
626.836000,drone3,-1,0.930703,538.770264,60.213905,15.268853,-14.609135,0.000000,container5,16.812508,-15.273023,-1.630537,-1.543655,0.663889,1.630537,2.341425,-2.375520,-0.167084,0.145166
626.904000,drone3,-1,0.933864,156.884537,479.466942,4.195239,-4.673336,0.000000,container1,7.305791,-5.273549,-1.541269,-3.110551,0.600213,1.541269,3.522967,-2.376356,-0.167192,0.155758
626.904000,drone3,-1,0.930598,538.627014,59.911057,15.276306,-14.606495,0.000000,container5,16.812453,-15.273015,-1.624642,-1.536146,0.666520,1.624642,2.333121,-2.376356,-0.167192,0.155758
626.936000,drone3,-1,0.934935,157.053345,479.557617,4.193075,-4.678933,0.000000,container1,7.305824,-5.273544,-1.536671,-3.112749,0.594610,1.536671,3.521949,-2.376687,-0.167252,0.160369
626.936000,drone3,-1,0.928850,538.603088,59.639324,15.283001,-14.606422,0.000000,container5,16.812404,-15.273007,-1.618822,-1.529403,0.666585,1.618822,2.324649,-2.376687,-0.167252,0.160369
627.000000,drone3,-1,0.935965,156.820938,479.731842,4.188927,-4.674802,0.000000,container1,7.305907,-5.273532,-1.527840,-3.116980,0.598730,1.527840,3.522547,-2.377473,-0.167359,0.169516
627.000000,drone3,-1,0.929149,538.767761,59.338612,15.290054,-14.611416,0.000000,container5,16.812324,-15.272988,-1.607424,-1.522270,0.661572,1.607424,2.310584,-2.377473,-0.167359,0.169516
627.068000,drone3,-1,0.936278,156.839066,479.883644,4.185347,-4.677157,0.000000,container1,7.305957,-5.273526,-1.523612,-3.120610,0.596369,1.523612,3.523529,-2.378316,-0.167464,0.178873
627.068000,drone3,-1,0.929754,539.057556,59.361767,15.288670,-14.619766,0.000000,container5,16.812293,-15.272978,-1.601852,-1.523623,0.653212,1.601852,2.305220,-2.378316,-0.167464,0.178873
627.100000,drone3,-1,0.942831,156.203903,480.000000,4.182148,-4.661283,0.000000,container1,7.306071,-5.273512,-1.515540,-3.123923,0.612229,1.515540,3.525703,-2.378692,-0.167533,0.183002
627.100000,drone3,-1,0.927526,539.137268,59.247463,15.291433,-14.622393,0.000000,container5,16.812249,-15.272956,-1.590974,-1.520816,0.650563,1.590974,2.295062,-2.378692,-0.167533,0.183002
627.168000,drone3,-1,0.944775,155.731995,480.000000,4.182128,-4.650708,0.000000,container1,7.306205,-5.273497,-1.507996,-3.124076,0.622789,1.507996,3.524453,-2.379546,-0.167633,0.191421
627.168000,drone3,-1,0.930229,539.189331,59.426235,15.286157,-14.624998,0.000000,container5,16.812228,-15.272932,-1.580471,-1.526071,0.647934,1.580471,2.290545,-2.379546,-0.167633,0.191421
627.232000,drone3,-1,0.943365,155.513062,480.000000,4.182518,-4.647223,0.000000,container1,7.306278,-5.273489,-1.504426,-3.123760,0.626266,1.504426,3.523263,-2.380327,-0.167754,0.199127
627.232000,drone3,-1,0.930640,539.429321,59.365974,15.287022,-14.632465,0.000000,container5,16.812226,-15.272919,-1.575367,-1.525204,0.640454,1.575367,2.284340,-2.380327,-0.167754,0.199127
627.300000,drone3,-1,0.942167,155.230194,480.000015,4.183091,-4.642728,0.000000,container1,7.306439,-5.273472,-1.497702,-3.123348,0.630744,1.497702,3.520831,-2.381220,-0.167857,0.206380
627.300000,drone3,-1,0.934453,539.640137,59.504192,15.282627,-14.639640,0.000000,container5,16.812239,-15.272893,-1.565466,-1.529611,0.633253,1.565466,2.278465,-2.381220,-0.167857,0.206380
627.364000,drone3,-1,0.941110,155.012054,479.999992,4.183732,-4.640081,0.000000,container1,7.306526,-5.273464,-1.494551,-3.122794,0.633383,1.494551,3.519474,-2.382020,-0.167948,0.212576
627.364000,drone3,-1,0.935131,539.551636,59.576664,15.279830,-14.638992,0.000000,container5,16.812253,-15.272880,-1.560675,-1.532423,0.633888,1.560675,2.277244,-2.382020,-0.167948,0.212576
627.400000,drone3,-1,0.940856,154.994690,480.000015,4.184179,-4.641637,0.000000,container1,7.306713,-5.273446,-1.488678,-3.122534,0.631809,1.488678,3.516470,-2.382449,-0.168019,0.216612
627.400000,drone3,-1,0.937023,539.446899,59.594143,15.278574,-14.637157,0.000000,container5,16.812298,-15.272852,-1.551423,-1.533723,0.635695,1.551423,2.272296,-2.382449,-0.168019,0.216612
627.464000,drone3,-1,0.943591,155.041458,479.999992,4.185077,-4.646541,0.000000,container1,7.306915,-5.273428,-1.483388,-3.121838,0.626887,1.483388,3.512734,-2.383290,-0.168102,0.221522
627.464000,drone3,-1,0.934399,539.585449,59.353218,15.283388,-14.642246,0.000000,container5,16.812363,-15.272824,-1.542627,-1.528975,0.630578,1.542627,2.261657,-2.383290,-0.168102,0.221522
627.528000,drone3,-1,0.944269,154.967499,479.999992,4.186342,-4.648721,0.000000,container1,7.307021,-5.273419,-1.480965,-3.120679,0.624698,1.480965,3.510291,-2.384057,-0.168206,0.227175
627.528000,drone3,-1,0.936271,539.147705,59.339214,15.281513,-14.631801,0.000000,container5,16.812403,-15.272809,-1.538405,-1.530890,0.641008,1.538405,2.263008,-2.384057,-0.168206,0.227175
627.596000,drone3,-1,0.944571,154.579910,480.000008,4.188328,-4.643178,0.000000,container1,7.307244,-5.273401,-1.476569,-3.118915,0.630223,1.476569,3.507858,-2.384923,-0.168306,0.232245
627.596000,drone3,-1,0.935272,539.113770,59.307323,15.280143,-14.631678,0.000000,container5,16.812497,-15.272780,-1.530326,-1.532354,0.641102,1.530326,2.258543,-2.384923,-0.168306,0.232245
627.664000,drone3,-1,0.944867,154.495926,480.000000,4.190819,-4.645512,0.000000,container1,7.307479,-5.273384,-1.472781,-3.116660,0.627872,1.472781,3.503837,-2.385865,-0.168394,0.235606
627.664000,drone3,-1,0.931622,539.017639,58.905197,15.288811,-14.629696,0.000000,container5,16.812610,-15.272751,-1.522745,-1.523799,0.643055,1.522745,2.248163,-2.385865,-0.168394,0.235606
627.696000,drone3,-1,0.944597,154.443024,480.000015,4.192126,-4.645809,0.000000,container1,7.307726,-5.273367,-1.469607,-3.115599,0.627558,1.469607,3.501504,-2.386162,-0.168455,0.239207
627.696000,drone3,-1,0.930697,539.008179,58.795742,15.291480,-14.629752,0.000000,container5,16.812741,-15.272722,-1.515678,-1.521260,0.642970,1.515678,2.241634,-2.386162,-0.168455,0.239207
627.760000,drone3,-1,0.944264,154.524231,480.000015,4.194634,-4.651049,0.000000,container1,7.307853,-5.273359,-1.468252,-3.113219,0.622310,1.468252,3.497880,-2.387077,-0.168525,0.240119
627.760000,drone3,-1,0.929168,539.247437,58.624844,15.295862,-14.636733,0.000000,container5,16.812812,-15.272708,-1.512341,-1.516950,0.635975,1.512341,2.234453,-2.387077,-0.168525,0.240119
627.828000,drone3,-1,0.943808,154.374680,479.999992,4.196182,-4.648588,0.000000,container1,7.308113,-5.273344,-1.466012,-3.111931,0.624756,1.466012,3.496230,-2.387881,-0.168633,0.244070
627.828000,drone3,-1,0.930317,538.947815,58.949112,15.289038,-14.630534,0.000000,container5,16.812967,-15.272680,-1.506070,-1.523930,0.642146,1.506070,2.236730,-2.387881,-0.168633,0.244070
627.892000,drone3,-1,0.943499,154.104370,479.999992,4.197615,-4.642882,0.000000,container1,7.308382,-5.273330,-1.464399,-3.110767,0.630449,1.464399,3.495540,-2.388653,-0.168736,0.247161
627.892000,drone3,-1,0.931144,539.340210,59.079273,15.287326,-14.642313,0.000000,container5,16.813138,-15.272653,-1.500346,-1.525812,0.630340,1.500346,2.230800,-2.388653,-0.168736,0.247161
627.960000,drone3,-1,0.942988,154.120941,480.000000,4.199316,-4.644605,0.000000,container1,7.308657,-5.273319,-1.463416,-3.109341,0.628713,1.463416,3.493546,-2.389654,-0.168819,0.246217
627.960000,drone3,-1,0.928420,539.503906,58.940243,15.292849,-14.647998,0.000000,container5,16.813322,-15.272628,-1.495179,-1.520473,0.624629,1.495179,2.222062,-2.389654,-0.168819,0.246217
628.024000,drone3,-1,0.942887,154.044968,479.553421,4.213440,-4.642595,0.000000,container1,7.308797,-5.273313,-1.463162,-3.095357,0.630718,1.463162,3.481362,-2.390394,-0.168916,0.248231
628.024000,drone3,-1,0.927861,539.480347,58.690670,15.302069,-14.647622,0.000000,container5,16.813419,-15.272615,-1.492807,-1.511350,0.624993,1.492807,2.214332,-2.390394,-0.168916,0.248231
628.092000,drone3,-1,0.943207,154.167770,480.000000,4.204417,-4.645943,0.000000,container1,7.309078,-5.273305,-1.463127,-3.104662,0.627362,1.463127,3.489018,-2.391169,-0.169017,0.250171
628.092000,drone3,-1,0.918922,540.524475,58.451042,15.311118,-14.674890,0.000000,container5,16.813623,-15.272592,-1.488494,-1.502504,0.597702,1.488494,2.197813,-2.391169,-0.169017,0.250171
628.124000,drone3,-1,0.943706,154.279388,480.000015,4.205693,-4.648878,0.000000,container1,7.309220,-5.273301,-1.463346,-3.103528,0.624423,1.463346,3.487574,-2.391648,-0.169049,0.248456
628.124000,drone3,-1,0.916430,540.463196,57.959305,15.325092,-14.673082,0.000000,container5,16.813729,-15.272581,-1.486555,-1.488637,0.599499,1.486555,2.187529,-2.391648,-0.169049,0.248456
628.192000,drone3,-1,0.943292,154.071060,479.999985,4.207930,-4.643569,0.000000,container1,7.309506,-5.273296,-1.464257,-3.101576,0.629728,1.464257,3.487173,-2.392442,-0.169152,0.249763
628.192000,drone3,-1,0.916736,540.420776,57.956699,15.327054,-14.671772,0.000000,container5,16.813949,-15.272561,-1.483114,-1.486894,0.600789,1.483114,2.184360,-2.392442,-0.169152,0.249763
628.256000,drone3,-1,0.942859,154.245514,480.000008,4.209777,-4.648238,0.000000,container1,7.309791,-5.273294,-1.465797,-3.100015,0.625057,1.465797,3.485591,-2.393370,-0.169214,0.246143
628.256000,drone3,-1,0.913618,540.864136,58.356060,15.318225,-14.683300,0.000000,container5,16.814178,-15.272543,-1.480262,-1.495953,0.589243,1.480262,2.185466,-2.393370,-0.169214,0.246143
628.320000,drone3,-1,0.942420,154.115051,480.000008,4.210431,-4.643387,0.000000,container1,7.309933,-5.273294,-1.466801,-3.099502,0.629908,1.466801,3.486431,-2.394093,-0.169286,0.244580
628.320000,drone3,-1,0.908698,540.989685,57.482174,15.343468,-14.686491,0.000000,container5,16.814296,-15.272535,-1.479059,-1.470828,0.586045,1.479059,2.166657,-2.394093,-0.169286,0.244580
628.388000,drone3,-1,0.942424,154.269135,479.999992,4.210693,-4.645849,0.000000,container1,7.310357,-5.273300,-1.470742,-3.099663,0.627451,1.470742,3.487791,-2.394816,-0.169368,0.244096
628.388000,drone3,-1,0.912565,540.608154,57.379330,15.348252,-14.676660,0.000000,container5,16.814660,-15.272516,-1.476346,-1.466409,0.595857,1.476346,2.164485,-2.394816,-0.169368,0.244096
628.456000,drone3,-1,0.942460,154.333954,480.000008,4.210413,-4.645919,0.000000,container1,7.310496,-5.273303,-1.472362,-3.100082,0.627385,1.472362,3.488836,-2.395654,-0.169427,0.240180
628.456000,drone3,-1,0.911534,540.838135,57.806995,15.338915,-14.683035,0.000000,container5,16.814785,-15.272511,-1.475741,-1.475870,0.589476,1.475741,2.168752,-2.395654,-0.169427,0.240180
628.520000,drone3,-1,0.942896,154.456955,479.999985,4.208807,-4.647348,0.000000,container1,7.310769,-5.273313,-1.476059,-3.101963,0.625965,1.476059,3.491813,-2.396471,-0.169476,0.235367
628.520000,drone3,-1,0.909432,540.706055,56.061779,15.385443,-14.679679,0.000000,container5,16.815037,-15.272504,-1.474982,-1.429594,0.592825,1.474982,2.137931,-2.396471,-0.169476,0.235367
628.588000,drone3,-1,0.943115,154.480820,479.999992,4.206880,-4.645954,0.000000,container1,7.311036,-5.273327,-1.480355,-3.104156,0.627373,1.480355,3.495831,-2.397160,-0.169546,0.233304
628.588000,drone3,-1,0.922323,540.420593,57.178196,15.357022,-14.672922,0.000000,container5,16.815292,-15.272501,-1.474823,-1.458271,0.599579,1.474823,2.158970,-2.397160,-0.169546,0.233304
628.620000,drone3,-1,0.942792,154.342163,480.000015,4.205860,-4.641323,0.000000,container1,7.311167,-5.273335,-1.482725,-3.105306,0.632012,1.482725,3.498691,-2.397638,-0.169564,0.228819
628.620000,drone3,-1,0.924661,540.250122,57.471081,15.349709,-14.668763,0.000000,container5,16.815421,-15.272501,-1.474970,-1.465712,0.603738,1.474970,2.165259,-2.397638,-0.169564,0.228819
628.684000,drone3,-1,0.942469,154.413620,479.618172,4.213798,-4.641095,0.000000,container1,7.311420,-5.273355,-1.487902,-3.097622,0.632260,1.487902,3.494119,-2.398278,-0.169617,0.225761
628.684000,drone3,-1,0.927866,539.696350,57.357990,15.353493,-14.654915,0.000000,container5,16.815679,-15.272503,-1.475711,-1.462186,0.617588,1.475711,2.167285,-2.398278,-0.169617,0.225761
628.784000,drone3,-1,0.944360,154.258011,479.673164,4.208925,-4.634304,0.000000,container1,7.311662,-5.273380,-1.493651,-3.102737,0.639076,1.493651,3.502340,-2.399383,-0.169681,0.217176
628.784000,drone3,-1,0.925764,539.638489,56.976639,15.364750,-14.654798,0.000000,container5,16.815937,-15.272510,-1.477048,-1.451187,0.617712,1.477048,2.160829,-2.399383,-0.169681,0.217176
628.816000,drone3,-1,0.944130,154.272079,479.606583,4.209584,-4.634120,0.000000,container1,7.311891,-5.273409,-1.499960,-3.102307,0.639289,1.499960,3.504694,-2.399855,-0.169695,0.211719
628.816000,drone3,-1,0.925173,539.292542,56.921272,15.366263,-14.646270,0.000000,container5,16.816193,-15.272521,-1.478978,-1.449930,0.626252,1.478978,2.163761,-2.399855,-0.169695,0.211719
628.884000,drone3,-1,0.944803,154.129089,479.548973,4.209229,-4.629795,0.000000,container1,7.312001,-5.273425,-1.503320,-3.102771,0.643631,1.503320,3.507338,-2.400451,-0.169742,0.207357
628.884000,drone3,-1,0.925290,539.515808,57.006367,15.364229,-14.653362,0.000000,container5,16.816320,-15.272528,-1.480163,-1.452091,0.619166,1.480163,2.163982,-2.400451,-0.169742,0.207357
628.948000,drone3,-1,0.944457,154.162048,479.669403,4.204856,-4.630770,0.000000,container1,7.312208,-5.273462,-1.510442,-3.107352,0.642692,1.510442,3.514274,-2.401123,-0.169784,0.201183
628.948000,drone3,-1,0.925569,539.669800,57.354256,15.355151,-14.658674,0.000000,container5,16.816571,-15.272547,-1.482970,-1.461420,0.613873,1.482970,2.170666,-2.401123,-0.169784,0.201183
628.984000,drone3,-1,0.943971,154.185791,479.717735,4.202990,-4.631492,0.000000,container1,7.312306,-5.273482,-1.514199,-3.109316,0.641989,1.514199,3.517498,-2.401494,-0.169804,0.196349
628.984000,drone3,-1,0.927678,539.664917,56.739914,15.371302,-14.659095,0.000000,container5,16.816695,-15.272558,-1.484591,-1.445393,0.613463,1.484591,2.160904,-2.401494,-0.169804,0.196349
629.048000,drone3,-1,0.943407,154.235275,479.764542,4.200718,-4.632969,0.000000,container1,7.312487,-5.273526,-1.522098,-3.111770,0.640556,1.522098,3.522812,-2.402013,-0.169844,0.190762
629.048000,drone3,-1,0.927789,539.249146,56.939640,15.366061,-14.649415,0.000000,container5,16.816937,-15.272584,-1.488260,-1.450876,0.623169,1.488260,2.169861,-2.402013,-0.169844,0.190762
629.112000,drone3,-1,0.944598,154.591019,480.000008,4.193675,-4.642116,0.000000,container1,7.312650,-5.273575,-1.530494,-3.118975,0.631459,1.530494,3.531169,-2.402964,-0.169865,0.177378
629.112000,drone3,-1,0.923862,539.286926,56.866257,15.369299,-14.652164,0.000000,container5,16.817171,-15.272615,-1.492492,-1.447872,0.620451,1.492492,2.169983,-2.402964,-0.169865,0.177378
629.180000,drone3,-1,0.945761,154.846313,479.923119,4.194447,-4.649066,0.000000,container1,7.312724,-5.273601,-1.534872,-3.118277,0.624536,1.534872,3.531222,-2.403473,-0.169894,0.170858
629.180000,drone3,-1,0.924258,539.387939,57.026546,15.366591,-14.657596,0.000000,container5,16.817285,-15.272632,-1.494817,-1.450694,0.615036,1.494817,2.171925,-2.403473,-0.169894,0.170858
629.248000,drone3,-1,0.946415,155.067596,479.969620,4.191531,-4.655919,0.000000,container1,7.312855,-5.273658,-1.543977,-3.121324,0.617739,1.543977,3.536684,-2.404068,-0.169917,0.162718
629.248000,drone3,-1,0.922811,539.896057,57.297684,15.361058,-14.674917,0.000000,container5,16.817505,-15.272671,-1.499875,-1.456448,0.597754,1.499875,2.174437,-2.404068,-0.169917,0.162718
629.280000,drone3,-1,0.946748,155.228149,479.952179,4.191925,-4.660959,0.000000,container1,7.312964,-5.273721,-1.553531,-3.121039,0.612762,1.553531,3.539749,-2.404416,-0.169924,0.156650
629.280000,drone3,-1,0.920502,539.731384,57.475681,15.357092,-14.672204,0.000000,container5,16.817714,-15.272716,-1.505469,-1.460622,0.600512,1.505469,2.181850,-2.404416,-0.169924,0.156650
629.380000,drone3,-1,0.946261,155.170654,480.000008,4.191180,-4.661938,0.000000,container1,7.313049,-5.273788,-1.563513,-3.121869,0.611851,1.563513,3.544714,-2.405310,-0.169950,0.141368
629.380000,drone3,-1,0.916295,539.983643,57.140903,15.368074,-14.682691,0.000000,container5,16.817910,-15.272766,-1.511586,-1.449836,0.590076,1.511586,2.176030,-2.405310,-0.169950,0.141368
629.412000,drone3,-1,0.946097,155.192032,479.999992,4.191758,-4.663078,0.000000,container1,7.313082,-5.273824,-1.568658,-3.121324,0.610746,1.568658,3.546317,-2.405777,-0.169954,0.133568
629.412000,drone3,-1,0.914619,540.054138,57.684341,15.354356,-14.685190,0.000000,container5,16.818003,-15.272794,-1.514836,-1.463646,0.587604,1.514836,2.186840,-2.405777,-0.169954,0.133568
629.476000,drone3,-1,0.945365,155.418518,479.999992,4.192990,-4.669758,0.000000,container1,7.313128,-5.273900,-1.579241,-3.120138,0.604142,1.579241,3.548838,-2.406184,-0.169966,0.125219
629.476000,drone3,-1,0.913454,540.236450,57.673355,15.355939,-14.690772,0.000000,container5,16.818177,-15.272853,-1.521711,-1.462237,0.582080,1.521711,2.189192,-2.406184,-0.169966,0.125219
629.544000,drone3,-1,0.944927,155.567261,479.999992,4.194354,-4.673695,0.000000,container1,7.313148,-5.273982,-1.590196,-3.118794,0.600287,1.590196,3.551893,-2.406665,-0.169970,0.115153
629.544000,drone3,-1,0.914398,540.101501,57.863865,15.352581,-14.687606,0.000000,container5,16.818334,-15.272918,-1.529072,-1.465753,0.585312,1.529072,2.197517,-2.406665,-0.169970,0.115153
629.608000,drone3,-1,0.944492,155.782852,480.000000,4.195731,-4.678793,0.000000,container1,7.313139,-5.274068,-1.601499,-3.117408,0.595276,1.601499,3.554910,-2.407369,-0.169965,0.101740
629.608000,drone3,-1,0.918614,539.562683,58.100117,15.347809,-14.673121,0.000000,container5,16.818474,-15.272989,-1.536902,-1.470665,0.599868,1.536902,2.210150,-2.407369,-0.169965,0.101740
629.676000,drone3,-1,0.944782,156.007568,479.999992,4.197127,-4.683817,0.000000,container1,7.313124,-5.274114,-1.607274,-3.115997,0.590296,1.607274,3.555449,-2.407817,-0.169964,0.090418
629.676000,drone3,-1,0.922212,539.025024,58.247894,15.345280,-14.658248,0.000000,container5,16.818536,-15.273026,-1.540987,-1.473256,0.614778,1.540987,2.218801,-2.407817,-0.169964,0.090418
629.740000,drone3,-1,0.946382,156.226410,480.000008,4.198305,-4.688415,0.000000,container1,7.313071,-5.274208,-1.619054,-3.114766,0.585793,1.619054,3.558968,-2.408120,-0.169960,0.080800
629.740000,drone3,-1,0.925505,538.732117,58.345669,15.343734,-14.649372,0.000000,container5,16.818647,-15.273106,-1.549488,-1.474913,0.623734,1.549488,2.228301,-2.408120,-0.169960,0.080800
629.808000,drone3,-1,0.943312,156.469803,480.000008,4.199052,-4.693187,0.000000,container1,7.312987,-5.274308,-1.631121,-3.113935,0.581121,1.631121,3.562983,-2.408822,-0.169948,0.065683
629.808000,drone3,-1,0.929758,539.111816,58.381161,15.343230,-14.657424,0.000000,container5,16.818736,-15.273191,-1.558412,-1.475506,0.615767,1.558412,2.232697,-2.408822,-0.169948,0.065683
629.872000,drone3,-1,0.940585,156.603363,479.999985,4.199819,-4.695559,0.000000,container1,7.312872,-5.274413,-1.643449,-3.113053,0.578855,1.643449,3.567506,-2.409297,-0.169936,0.052980
629.872000,drone3,-1,0.932745,539.464355,58.589767,15.338139,-14.665210,0.000000,container5,16.818803,-15.273283,-1.567741,-1.480664,0.608073,1.567741,2.240520,-2.409297,-0.169936,0.052980
629.940000,drone3,-1,0.939401,156.910614,479.832794,4.205485,-4.703483,0.000000,container1,7.312725,-5.274524,-1.656010,-3.107240,0.571040,1.656010,3.566987,-2.409520,-0.169921,0.042345
629.940000,drone3,-1,0.934602,539.519043,58.792435,15.333502,-14.666085,0.000000,container5,16.818847,-15.273380,-1.577453,-1.485344,0.607295,1.577453,2.250203,-2.409520,-0.169921,0.042345
630.004000,drone3,-1,0.937539,539.306946,59.077862,15.326754,-14.659261,0.000000,container5,16.818866,-15.273482,-1.587528,-1.492112,0.614222,1.587528,2.263606,-2.410272,-0.169901,0.026658
630.004000,drone3,-1,0.936224,157.258514,479.497368,4.215583,-4.711634,0.000000,container1,7.312545,-5.274638,-1.668779,-3.096962,0.563005,1.668779,3.562719,-2.410272,-0.169901,0.026658
630.072000,drone3,-1,0.938617,539.023499,59.253963,15.322671,-14.649828,0.000000,container5,16.818866,-15.273536,-1.592694,-1.496195,0.623708,1.592694,2.272507,-2.410624,-0.169882,0.013216
630.072000,drone3,-1,0.936109,157.445740,479.412216,4.219256,-4.715226,0.000000,container1,7.312442,-5.274698,-1.675233,-3.093186,0.559472,1.675233,3.561911,-2.410624,-0.169882,0.013216
630.104000,drone3,-1,0.939458,538.882019,59.266006,15.322294,-14.644656,0.000000,container5,16.818846,-15.273647,-1.603271,-1.496552,0.628992,1.603271,2.281617,-2.410789,-0.169873,0.007607
630.104000,drone3,-1,0.933719,157.727997,479.299713,4.223015,-4.721850,0.000000,container1,7.312211,-5.274820,-1.688263,-3.089196,0.552970,1.688263,3.563585,-2.410789,-0.169873,0.007607
630.204000,drone3,-1,0.940299,538.693237,59.639080,15.312436,-14.635934,0.000000,container5,16.818800,-15.273764,-1.614154,-1.506363,0.637830,1.614154,2.298141,-2.411365,-0.169837,-0.013043
630.204000,drone3,-1,0.931594,158.296387,479.303452,4.224808,-4.734546,0.000000,container1,7.311947,-5.274946,-1.701431,-3.087139,0.540400,1.701431,3.566137,-2.411365,-0.169837,-0.013043
630.236000,drone3,-1,0.939826,538.893921,59.681679,15.311370,-14.640194,0.000000,container5,16.818766,-15.273824,-1.619704,-1.507396,0.633630,1.619704,2.301558,-2.411347,-0.169824,-0.018665
630.236000,drone3,-1,0.931654,158.522614,479.524216,4.219461,-4.739862,0.000000,container1,7.311802,-5.275011,-1.708059,-3.092340,0.535148,1.708059,3.573013,-2.411347,-0.169824,-0.018665
630.300000,drone3,-1,0.938900,538.741699,59.794262,15.308961,-14.635272,0.000000,container5,16.818677,-15.273948,-1.631002,-1.509716,0.638676,1.631002,2.312427,-2.411765,-0.169792,-0.032035
630.300000,drone3,-1,0.931091,158.871887,479.562027,4.219013,-4.748001,0.000000,container1,7.311485,-5.275143,-1.721384,-3.092472,0.527142,1.721384,3.578327,-2.411765,-0.169792,-0.032035
630.368000,drone3,-1,0.939663,538.692749,60.268875,15.297142,-14.633720,0.000000,container5,16.818560,-15.274077,-1.642548,-1.521418,0.640357,1.642548,2.328676,-2.412334,-0.169757,-0.048835
630.368000,drone3,-1,0.931624,158.950363,479.657204,4.216856,-4.749434,0.000000,container1,7.311134,-5.275280,-1.734777,-3.094278,0.525846,1.734777,3.586157,-2.412334,-0.169757,-0.048835
630.436000,drone3,-1,0.939773,538.791931,60.657326,15.287090,-14.636900,0.000000,container5,16.818490,-15.274144,-1.648405,-1.531400,0.637244,1.648405,2.338484,-2.412342,-0.169722,-0.060895
630.436000,drone3,-1,0.934605,158.765244,479.564514,4.219376,-4.745052,0.000000,container1,7.310946,-5.275349,-1.741492,-3.091569,0.530298,1.741492,3.587730,-2.412342,-0.169722,-0.060895
630.500000,drone3,-1,0.938007,538.761719,60.872383,15.280275,-14.636375,0.000000,container5,16.818328,-15.274280,-1.660274,-1.538053,0.637905,1.660274,2.351391,-2.412921,-0.169684,-0.076031
630.500000,drone3,-1,0.934733,158.893768,479.631989,4.216208,-4.748436,0.000000,container1,7.310543,-5.275491,-1.754936,-3.094334,0.527055,1.754936,3.596178,-2.412921,-0.169684,-0.076031
630.568000,drone3,-1,0.936513,538.822693,61.164940,15.270851,-14.638379,0.000000,container5,16.818136,-15.274420,-1.672328,-1.547284,0.636041,1.672328,2.365442,-2.413215,-0.169647,-0.091166
630.568000,drone3,-1,0.934253,158.988464,479.526169,4.216650,-4.750720,0.000000,container1,7.310105,-5.275636,-1.768380,-3.093455,0.524916,1.768380,3.601689,-2.413215,-0.169647,-0.091166
630.632000,drone3,-1,0.935825,159.054138,479.575317,4.212246,-4.752237,0.000000,container1,7.309873,-5.275709,-1.775092,-3.097627,0.523473,1.775092,3.608361,-2.413236,-0.169616,-0.103095
630.632000,drone3,-1,0.933907,539.035889,61.269775,15.266283,-14.644916,0.000000,container5,16.818028,-15.274492,-1.678415,-1.551745,0.629577,1.678415,2.370940,-2.413236,-0.169616,-0.103095
630.700000,drone3,-1,0.936201,159.112061,479.554741,4.210716,-4.754736,0.000000,container1,7.309384,-5.275859,-1.788481,-3.098668,0.521123,1.788481,3.615519,-2.413517,-0.169582,-0.117018
630.700000,drone3,-1,0.933668,538.737976,61.244308,15.265953,-14.639097,0.000000,container5,16.817789,-15.274639,-1.690697,-1.551837,0.635542,1.690697,2.381295,-2.413517,-0.169582,-0.117018
630.764000,drone3,-1,0.937403,159.225647,479.489189,4.211200,-4.759161,0.000000,container1,7.308860,-5.276010,-1.801798,-3.097661,0.516850,1.801798,3.620651,-2.413980,-0.169540,-0.132954
630.764000,drone3,-1,0.934429,539.042480,61.816208,15.250453,-14.649301,0.000000,container5,16.817519,-15.274789,-1.703099,-1.567066,0.625489,1.703099,2.397390,-2.413980,-0.169540,-0.132954
630.796000,drone3,-1,0.937860,159.215729,479.621178,4.207565,-4.759775,0.000000,container1,7.308304,-5.276164,-1.815017,-3.100739,0.516389,1.815017,3.629810,-2.413526,-0.169530,-0.136302
630.796000,drone3,-1,0.933088,539.070557,61.973251,15.245925,-14.650696,0.000000,container5,16.817218,-15.274943,-1.715596,-1.571293,0.624247,1.715596,2.408716,-2.413526,-0.169530,-0.136302
630.896000,drone3,-1,0.939229,159.704208,479.407410,4.212844,-4.774141,0.000000,container1,7.307714,-5.276319,-1.828109,-3.094870,0.502178,1.828109,3.629378,-2.414021,-0.169459,-0.157917
630.896000,drone3,-1,0.931736,539.444885,62.530777,15.229663,-14.661070,0.000000,container5,16.816885,-15.275100,-1.728159,-1.587222,0.614029,1.728159,2.425457,-2.414021,-0.169459,-0.157917
630.928000,drone3,-1,0.939606,159.830597,479.224960,4.217560,-4.777495,0.000000,container1,7.307407,-5.276398,-1.834599,-3.089847,0.498903,1.834599,3.627921,-2.414237,-0.169433,-0.165605
630.928000,drone3,-1,0.935053,539.219116,62.658489,15.225554,-14.654691,0.000000,container5,16.816706,-15.275179,-1.734459,-1.591153,0.620488,1.734459,2.434157,-2.414237,-0.169433,-0.165605
630.996000,drone3,-1,0.940817,160.120316,479.129181,4.218852,-4.783777,0.000000,container1,7.306769,-5.276555,-1.847452,-3.087917,0.492778,1.847452,3.631961,-2.414450,-0.169382,-0.179605
630.996000,drone3,-1,0.932383,539.173096,62.217957,15.235332,-14.651652,0.000000,container5,16.816326,-15.275340,-1.747075,-1.580994,0.623688,1.747075,2.437376,-2.414450,-0.169382,-0.179605
631.060000,drone3,-1,0.940310,161.056458,479.045540,4.219267,-4.806269,0.000000,container1,7.306099,-5.276714,-1.860111,-3.086833,0.470445,1.860111,3.634538,-2.414903,-0.169327,-0.193938
631.060000,drone3,-1,0.936601,538.658813,62.263157,15.232167,-14.636179,0.000000,container5,16.815914,-15.275503,-1.759694,-1.583747,0.639324,1.759694,2.452247,-2.414903,-0.169327,-0.193938
631.128000,drone3,-1,0.940240,161.338547,478.983902,4.217299,-4.810821,0.000000,container1,7.305753,-5.276793,-1.866360,-3.088455,0.465972,1.866360,3.638541,-2.414688,-0.169283,-0.205978
631.128000,drone3,-1,0.938800,538.813049,62.442757,15.224937,-14.638390,0.000000,container5,16.815696,-15.275585,-1.765997,-1.590759,0.637195,1.765997,2.460747,-2.414688,-0.169283,-0.205978
631.192000,drone3,-1,0.940175,161.338058,478.885735,4.217340,-4.808918,0.000000,container1,7.304671,-5.277032,-1.884747,-3.087331,0.468115,1.884747,3.647330,-2.414549,-0.169240,-0.217498
631.192000,drone3,-1,0.939540,538.588501,62.570347,15.219360,-14.630962,0.000000,container5,16.814997,-15.275834,-1.784836,-1.595637,0.644872,1.784836,2.479426,-2.414549,-0.169240,-0.217498
631.260000,drone3,-1,0.942320,538.403687,62.691753,15.214114,-14.624748,0.000000,container5,16.814748,-15.275918,-1.791082,-1.600635,0.651169,1.791082,2.488780,-2.415194,-0.169172,-0.232843
631.260000,drone3,-1,0.939476,161.652161,479.152626,4.208396,-4.815846,0.000000,container1,7.304295,-5.277112,-1.890746,-3.095900,0.461266,1.890746,3.656813,-2.415194,-0.169172,-0.232843
631.324000,drone3,-1,0.943753,538.238220,62.688412,15.213399,-14.620077,0.000000,container5,16.814229,-15.276085,-1.803505,-1.600830,0.656008,1.803505,2.499127,-2.415038,-0.169127,-0.243944
631.324000,drone3,-1,0.939469,161.876770,479.278259,4.204152,-4.821242,0.000000,container1,7.303524,-5.277271,-1.902529,-3.099371,0.456029,1.902529,3.665199,-2.415038,-0.169127,-0.243944
631.392000,drone3,-1,0.945052,538.209778,63.616232,15.188717,-14.619220,0.000000,container5,16.813679,-15.276254,-1.815815,-1.624962,0.657034,1.815815,2.523763,-2.414701,-0.169083,-0.255507
631.392000,drone3,-1,0.939387,161.968719,479.550484,4.196145,-4.822923,0.000000,container1,7.302725,-5.277430,-1.914007,-3.106580,0.454507,1.914007,3.677069,-2.414701,-0.169083,-0.255507
631.456000,drone3,-1,0.945431,538.080078,63.911934,15.181078,-14.615570,0.000000,container5,16.813393,-15.276338,-1.821920,-1.632315,0.660768,1.821920,2.533863,-2.415033,-0.169028,-0.267577
631.456000,drone3,-1,0.940148,162.045563,479.692947,4.191889,-4.824066,0.000000,container1,7.302317,-5.277508,-1.919624,-3.110428,0.453443,1.919624,3.683114,-2.415033,-0.169028,-0.267577
631.492000,drone3,-1,0.945467,538.256714,64.195770,15.174762,-14.619553,0.000000,container5,16.812800,-15.276507,-1.834013,-1.638038,0.656954,1.834013,2.545262,-2.414876,-0.169008,-0.273422
631.492000,drone3,-1,0.939917,162.014893,479.670128,4.193719,-4.822664,0.000000,container1,7.301480,-5.277665,-1.930601,-3.107761,0.455001,1.930601,3.686791,-2.414876,-0.169008,-0.273422
631.588000,drone3,-1,0.946600,538.000610,64.689980,15.164660,-14.610248,0.000000,container5,16.812179,-15.276675,-1.845931,-1.647518,0.666427,1.845931,2.562402,-2.414983,-0.168938,-0.290049
631.588000,drone3,-1,0.940411,162.026184,479.630020,4.198444,-4.820936,0.000000,container1,7.300620,-5.277820,-1.941217,-3.102177,0.456884,1.941217,3.687895,-2.414983,-0.168938,-0.290049
631.620000,drone3,-1,0.947295,538.273376,64.956337,15.158687,-14.616133,0.000000,container5,16.811858,-15.276758,-1.851817,-1.653170,0.660626,1.851817,2.568779,-2.415257,-0.168904,-0.296013
631.620000,drone3,-1,0.939923,162.095978,479.502472,4.203232,-4.821827,0.000000,container1,7.300182,-5.277897,-1.946383,-3.096949,0.456070,1.946383,3.686123,-2.415257,-0.168904,-0.296013
631.688000,drone3,-1,0.947146,538.275879,65.567551,15.143804,-14.614135,0.000000,container5,16.811195,-15.276925,-1.863428,-1.667392,0.662790,1.863428,2.586861,-2.414982,-0.168866,-0.306393
631.688000,drone3,-1,0.938908,162.446548,479.323006,4.210309,-4.829832,0.000000,container1,7.299288,-5.278049,-1.956417,-3.088979,0.448217,1.956417,3.683783,-2.414982,-0.168866,-0.306393
631.756000,drone3,-1,0.947174,538.303711,66.015724,15.132339,-14.613430,0.000000,container5,16.810854,-15.277008,-1.869147,-1.678516,0.663578,1.869147,2.598358,-2.415247,-0.168807,-0.317277
631.756000,drone3,-1,0.937705,162.837006,479.130402,4.217030,-4.839688,0.000000,container1,7.298834,-5.278125,-1.961281,-3.081804,0.438436,1.961281,3.679180,-2.415247,-0.168807,-0.317277
631.788000,drone3,-1,0.946866,538.259338,66.085968,15.130063,-14.612252,0.000000,container5,16.810154,-15.277172,-1.880399,-1.680091,0.664920,1.880399,2.607820,-2.414932,-0.168795,-0.321842
631.788000,drone3,-1,0.937790,162.821671,479.191628,4.215780,-4.839969,0.000000,container1,7.297910,-5.278273,-1.970690,-3.082130,0.438304,1.970690,3.684461,-2.414932,-0.168795,-0.321842
631.852000,drone3,-1,0.946748,538.096252,65.583931,15.142356,-14.607822,0.000000,container5,16.809428,-15.277335,-1.891383,-1.667072,0.669513,1.891383,2.608583,-2.414971,-0.168750,-0.331257
631.852000,drone3,-1,0.937859,162.877182,478.935677,4.223227,-4.842718,0.000000,container1,7.296969,-5.278419,-1.979658,-3.073742,0.435701,1.979658,3.681952,-2.414971,-0.168750,-0.331257
631.920000,drone3,-1,0.946066,537.608154,64.919281,15.157808,-14.595125,0.000000,container5,16.809056,-15.277415,-1.896767,-1.651249,0.682290,1.896767,2.605738,-2.415121,-0.168692,-0.340942
631.920000,drone3,-1,0.938005,162.800079,478.831932,4.225599,-4.842307,0.000000,container1,7.296492,-5.278490,-1.983971,-3.070892,0.436183,1.983971,3.681953,-2.415121,-0.168692,-0.340942
631.984000,drone3,-1,0.944507,536.978516,64.172974,15.175668,-14.578330,0.000000,container5,16.807907,-15.277652,-1.912463,-1.632240,0.699321,1.912463,2.609745,-2.414867,-0.168658,-0.349356
631.984000,drone3,-1,0.937683,162.793488,478.728607,4.227740,-4.842902,0.000000,container1,7.295037,-5.278700,-1.996205,-3.067297,0.435798,1.996205,3.685521,-2.414867,-0.168658,-0.349356
632.052000,drone3,-1,0.946155,536.935303,64.301552,15.170788,-14.576702,0.000000,container5,16.807514,-15.277729,-1.917533,-1.636725,0.701027,1.917533,2.616723,-2.414429,-0.168626,-0.358050
632.052000,drone3,-1,0.938047,163.085388,478.860352,4.223465,-4.850625,0.000000,container1,7.294544,-5.278768,-2.000041,-3.071079,0.428143,2.000041,3.689851,-2.414429,-0.168626,-0.358050
632.084000,drone3,-1,0.946291,536.408875,64.542450,15.163968,-14.562852,0.000000,container5,16.807114,-15.277806,-1.922518,-1.643146,0.714954,1.922518,2.628148,-2.414754,-0.168591,-0.361777
632.084000,drone3,-1,0.937718,163.261612,478.892540,4.221919,-4.854864,0.000000,container1,7.294049,-5.278835,-2.003753,-3.072130,0.423971,2.003753,3.692256,-2.414754,-0.168591,-0.361777
632.152000,drone3,-1,0.946295,536.498108,64.936928,15.152789,-14.565084,0.000000,container5,16.806302,-15.277956,-1.932223,-1.653512,0.712873,1.932223,2.641169,-2.414829,-0.168546,-0.369546
632.152000,drone3,-1,0.938028,163.486343,478.878204,4.220777,-4.859930,0.000000,container1,7.293049,-5.278966,-2.010796,-3.072272,0.419036,2.010796,3.695639,-2.414829,-0.168546,-0.369546
632.216000,drone3,-1,0.945841,537.052673,65.503929,15.137245,-14.579385,0.000000,container5,16.805470,-15.278103,-1.941561,-1.668224,0.698718,1.941561,2.653458,-2.414849,-0.168508,-0.376149
632.216000,drone3,-1,0.937776,163.444672,478.852753,4.220091,-4.857967,0.000000,container1,7.292039,-5.279092,-2.017324,-3.071947,0.421125,2.017324,3.699162,-2.414849,-0.168508,-0.376149
632.284000,drone3,-1,0.944471,537.136902,65.189766,15.144259,-14.580842,0.000000,container5,16.804620,-15.278245,-1.950513,-1.660361,0.697403,1.950513,2.654745,-2.414415,-0.168496,-0.383381
632.284000,drone3,-1,0.938123,163.480637,479.043732,4.213522,-4.857975,0.000000,container1,7.291019,-5.279214,-2.023323,-3.077497,0.421239,2.023323,3.707056,-2.414415,-0.168496,-0.383381
632.348000,drone3,-1,0.942668,536.896851,65.485504,15.134838,-14.573622,0.000000,container5,16.804189,-15.278315,-1.954839,-1.669352,0.704693,1.954839,2.665469,-2.414281,-0.168477,-0.389448
632.348000,drone3,-1,0.937939,163.784302,479.016022,4.212692,-4.864963,0.000000,container1,7.290506,-5.279273,-2.026121,-3.077814,0.414310,2.026121,3.708066,-2.414281,-0.168477,-0.389448
632.380000,drone3,-1,0.944586,536.873169,65.665535,15.129230,-14.572790,0.000000,container5,16.803316,-15.278450,-1.963182,-1.674086,0.705660,1.963182,2.674809,-2.414312,-0.168460,-0.391900
632.380000,drone3,-1,0.937989,163.952362,479.168243,4.207945,-4.869237,0.000000,container1,7.289476,-5.279387,-2.031307,-3.081530,0.410150,2.031307,3.713524,-2.414312,-0.168460,-0.391900
632.480000,drone3,-1,0.944227,536.765076,66.602493,15.102147,-14.569324,0.000000,container5,16.802428,-15.278581,-1.971099,-1.700282,0.709256,1.971099,2.698005,-2.414106,-0.168427,-0.399742
632.480000,drone3,-1,0.938412,164.339691,478.976479,4.211517,-4.879383,0.000000,container1,7.288440,-5.279496,-2.035941,-3.076923,0.400113,2.035941,3.711145,-2.414106,-0.168427,-0.399742
632.512000,drone3,-1,0.943236,536.482422,66.775787,15.097000,-14.561557,0.000000,container5,16.801980,-15.278644,-1.974893,-1.704980,0.717087,1.974893,2.705803,-2.414328,-0.168402,-0.401094
632.512000,drone3,-1,0.938333,164.379272,478.926369,4.213100,-4.880744,0.000000,container1,7.287920,-5.279549,-2.038047,-3.074821,0.398805,2.038047,3.710418,-2.414328,-0.168402,-0.401094
632.580000,drone3,-1,0.943909,536.333313,67.191353,15.085317,-14.557556,0.000000,container5,16.801073,-15.278767,-1.982144,-1.715756,0.721211,1.982144,2.718981,-2.413795,-0.168408,-0.406449
632.580000,drone3,-1,0.939644,164.644333,478.943382,4.213545,-4.888950,0.000000,container1,7.286879,-5.279650,-2.041837,-3.073334,0.390700,2.041837,3.710408,-2.413795,-0.168408,-0.406449
632.644000,drone3,-1,0.942698,536.620972,67.322136,15.081781,-14.565838,0.000000,container5,16.800616,-15.278826,-1.985598,-1.718836,0.712987,1.985598,2.721276,-2.413683,-0.168392,-0.410094
632.644000,drone3,-1,0.939842,164.710052,478.994873,4.213385,-4.892595,0.000000,container1,7.286358,-5.279698,-2.043518,-3.072973,0.387103,2.043518,3.710657,-2.413683,-0.168392,-0.410094
632.680000,drone3,-1,0.942185,536.506531,67.209343,15.085148,-14.563694,0.000000,container5,16.799694,-15.278940,-1.992154,-1.714546,0.715246,1.992154,2.723953,-2.413558,-0.168385,-0.411874
632.680000,drone3,-1,0.941492,164.678497,479.167122,4.209537,-4.892893,0.000000,container1,7.285315,-5.279790,-2.046449,-3.075777,0.386897,2.046449,3.714573,-2.413558,-0.168385,-0.411874
632.744000,drone3,-1,0.943349,536.439392,67.775879,15.071313,-14.563849,0.000000,container5,16.799230,-15.278994,-1.995254,-1.727917,0.715145,1.995254,2.734624,-2.413245,-0.168390,-0.415579
632.744000,drone3,-1,0.941522,164.597031,479.297630,4.207307,-4.892734,0.000000,container1,7.284793,-5.279834,-2.047699,-3.077487,0.387100,2.047699,3.716698,-2.413245,-0.168390,-0.415579
632.808000,drone3,-1,0.945382,536.454224,68.578964,15.051633,-14.565207,0.000000,container5,16.797825,-15.279149,-2.003824,-1.746192,0.713942,2.003824,2.752129,-2.413566,-0.168354,-0.415728
632.808000,drone3,-1,0.939984,164.679474,479.244606,4.211003,-4.896515,0.000000,container1,7.283232,-5.279956,-2.050579,-3.072229,0.383441,2.050579,3.713555,-2.413566,-0.168354,-0.415728
632.876000,drone3,-1,0.946477,536.551758,69.035576,15.040644,-14.568520,0.000000,container5,16.797354,-15.279197,-2.006434,-1.756709,0.710677,2.006434,2.759867,-2.413192,-0.168364,-0.418296
632.876000,drone3,-1,0.939972,164.921600,479.297913,4.211961,-4.904744,0.000000,container1,7.282713,-5.279994,-2.051248,-3.070752,0.375250,2.051248,3.711866,-2.413192,-0.168364,-0.418296
632.944000,drone3,-1,0.944181,536.618164,69.364075,15.032003,-14.570907,0.000000,container5,16.796407,-15.279289,-2.011276,-1.764404,0.708381,2.011276,2.767699,-2.412864,-0.168379,-0.420613
632.944000,drone3,-1,0.939817,165.085632,479.414574,4.210717,-4.911281,0.000000,container1,7.281678,-5.280064,-2.052150,-3.070962,0.368783,2.052150,3.711890,-2.412864,-0.168379,-0.420613
633.008000,drone3,-1,0.940655,536.260010,68.925797,15.044445,-14.563211,0.000000,container5,16.795457,-15.279373,-2.015609,-1.751012,0.716162,2.015609,2.764347,-2.413056,-0.168359,-0.418778
633.008000,drone3,-1,0.939810,165.174652,479.412468,4.212945,-4.916396,0.000000,container1,7.280649,-5.280128,-2.052471,-3.067704,0.363732,2.052471,3.708874,-2.413056,-0.168359,-0.418778
633.076000,drone3,-1,0.939808,165.197342,479.384392,4.215706,-4.920081,0.000000,container1,7.279626,-5.280186,-2.052210,-3.063920,0.360104,2.052210,3.705246,-2.412715,-0.168384,-0.420045
633.076000,drone3,-1,0.937893,536.451294,66.642685,15.105467,-14.570100,0.000000,container5,16.794504,-15.279451,-2.019426,-1.689038,0.709351,2.019426,2.726556,-2.412715,-0.168384,-0.420045
633.140000,drone3,-1,0.940367,536.229736,65.986710,15.123517,-14.566770,0.000000,container5,16.793550,-15.279522,-2.022723,-1.670033,0.712752,2.022723,2.718167,-2.412352,-0.168418,-0.420904
633.140000,drone3,-1,0.939768,165.309280,479.432289,4.215786,-4.925996,0.000000,container1,7.278612,-5.280237,-2.051372,-3.062826,0.354241,2.051372,3.703311,-2.412352,-0.168418,-0.420904
633.204000,drone3,-1,0.943239,536.599487,65.860695,15.128275,-14.577768,0.000000,container5,16.792596,-15.279585,-2.025494,-1.664322,0.701817,2.025494,2.713879,-2.412407,-0.168433,-0.418712
633.204000,drone3,-1,0.939403,165.370880,479.453323,4.216916,-4.929202,0.000000,container1,7.277606,-5.280281,-2.049960,-3.060690,0.351079,2.049960,3.700462,-2.412407,-0.168433,-0.418712
633.272000,drone3,-1,0.944099,536.292236,66.164383,15.121415,-14.570763,0.000000,container5,16.792120,-15.279614,-2.026681,-1.670705,0.708851,2.026681,2.720507,-2.412317,-0.168456,-0.416254
633.272000,drone3,-1,0.939425,165.270203,479.464706,4.218090,-4.927847,0.000000,container1,7.277107,-5.280300,-2.049040,-3.059018,0.352453,2.049040,3.698700,-2.412317,-0.168456,-0.416254
633.340000,drone3,-1,0.945114,536.089661,66.092293,15.123394,-14.566150,0.000000,container5,16.791169,-15.279666,-2.028658,-1.667775,0.713516,2.028658,2.721403,-2.411882,-0.168513,-0.415997
633.340000,drone3,-1,0.939566,165.240677,479.466072,4.218654,-4.928197,0.000000,container1,7.276118,-5.280335,-2.046777,-3.057464,0.352138,2.046777,3.696131,-2.411882,-0.168513,-0.415997
633.404000,drone3,-1,0.943872,535.640747,66.472015,15.113478,-14.554985,0.000000,container5,16.790221,-15.279711,-2.030104,-1.676744,0.724726,2.030104,2.730937,-2.411751,-0.168553,-0.413085
633.404000,drone3,-1,0.939942,165.419754,479.445076,4.219636,-4.933659,0.000000,container1,7.275140,-5.280362,-2.043954,-3.055504,0.346703,2.043954,3.692432,-2.411751,-0.168553,-0.413085
633.472000,drone3,-1,0.944740,535.246460,66.816055,15.104571,-14.545152,0.000000,container5,16.789278,-15.279748,-2.031018,-1.684707,0.734596,2.031018,2.739143,-2.411823,-0.168583,-0.407863
633.472000,drone3,-1,0.940252,165.465225,479.473526,4.219386,-4.935558,0.000000,container1,7.274176,-5.280383,-2.040580,-3.054790,0.344825,2.040580,3.689798,-2.411823,-0.168583,-0.407863
633.536000,drone3,-1,0.944374,535.103760,67.111549,15.097101,-14.541671,0.000000,container5,16.788341,-15.279778,-2.031401,-1.691240,0.738107,2.031401,2.744391,-2.411502,-0.168642,-0.405888
633.536000,drone3,-1,0.940501,165.411652,479.360687,4.223026,-4.934680,0.000000,container1,7.273225,-5.280397,-2.036663,-3.050199,0.345717,2.036663,3.683915,-2.411502,-0.168642,-0.405888
633.600000,drone3,-1,0.944839,535.310730,66.844124,15.103932,-14.546880,0.000000,container5,16.787875,-15.279790,-2.031393,-1.683943,0.732910,2.031393,2.738500,-2.411576,-0.168683,-0.400229
633.600000,drone3,-1,0.940356,165.395401,479.381927,4.222473,-4.934289,0.000000,container1,7.272755,-5.280401,-2.034505,-3.050282,0.346113,2.034505,3.682828,-2.411576,-0.168683,-0.400229
633.636000,drone3,-1,0.944445,535.581848,67.168892,15.095256,-14.553888,0.000000,container5,16.786948,-15.279808,-2.030984,-1.691693,0.725920,2.030984,2.741109,-2.411288,-0.168729,-0.399235
633.636000,drone3,-1,0.940351,165.333466,479.378716,4.222420,-4.932585,0.000000,container1,7.271827,-5.280406,-2.029794,-3.049407,0.347821,2.029794,3.679663,-2.411288,-0.168729,-0.399235
633.700000,drone3,-1,0.943644,535.118225,67.309494,15.091368,-14.540754,0.000000,container5,16.786488,-15.279814,-2.030582,-1.695120,0.739060,2.030582,2.746435,-2.411271,-0.168788,-0.394350
633.700000,drone3,-1,0.940427,165.450745,479.369293,4.222122,-4.934246,0.000000,container1,7.271369,-5.280405,-2.027244,-3.049247,0.346159,2.027244,3.677969,-2.411271,-0.168788,-0.394350
633.768000,drone3,-1,0.944239,535.130432,67.734550,15.080359,-14.540004,0.000000,container5,16.785575,-15.279821,-2.029386,-1.705216,0.739817,2.029386,2.751999,-2.411284,-0.168843,-0.386137
633.768000,drone3,-1,0.940715,165.212936,479.394432,4.220833,-4.926245,0.000000,container1,7.270466,-5.280399,-2.021765,-3.049633,0.354154,2.021765,3.676034,-2.411284,-0.168843,-0.386137
633.832000,drone3,-1,0.945726,535.142273,67.743439,15.080709,-14.539789,0.000000,container5,16.785122,-15.279821,-2.028595,-1.704413,0.740032,2.028595,2.750976,-2.411047,-0.168930,-0.382111
633.832000,drone3,-1,0.940568,165.139343,479.515770,4.217524,-4.923195,0.000000,container1,7.270021,-5.280394,-2.018839,-3.052497,0.357199,2.018839,3.677096,-2.411047,-0.168930,-0.382111
633.868000,drone3,-1,0.945987,535.179688,67.756538,15.080407,-14.540384,0.000000,container5,16.784672,-15.279820,-2.027674,-1.704265,0.739435,2.027674,2.750045,-2.411186,-0.168954,-0.376602
633.868000,drone3,-1,0.940591,165.082870,479.484047,4.218284,-4.921235,0.000000,container1,7.269580,-5.280387,-2.015791,-3.051297,0.359152,2.015791,3.674617,-2.411186,-0.168954,-0.376602
