stamp,track_id,class,ns,est_x,est_y,est_z,gt_name,gt_x,gt_y,gt_z,err_x,err_y,err_z,err_norm,aq_range_est,aq_range_gt,aq_range_err
621.196000,0,-1,drone3,4.198313,-4.771335,0.000000,container1,7.360584,-5.263788,-1.861885,-3.162270,0.492453,1.861885,3.702577,7.978253,11.104059,-3.125807
621.196000,1,-1,drone3,15.287807,-14.647527,0.000000,container5,16.869409,-15.264523,-1.771868,-1.581602,0.616997,1.771868,2.453908,22.789993,24.474853,-1.684861
621.260000,0,-1,drone3,4.196162,-4.775327,0.000000,container1,7.360302,-5.263836,-1.868250,-3.164141,0.488509,1.868250,3.706856,7.979022,11.105192,-3.126170
621.260000,1,-1,drone3,15.281359,-14.643403,0.000000,container5,16.869244,-15.264555,-1.778530,-1.587884,0.621152,1.778530,2.463813,22.782630,24.475471,-1.692841
621.324000,0,-1,drone3,4.195118,-4.780013,0.000000,container1,7.359712,-5.263937,-1.880832,-3.164594,0.483924,1.880832,3.712999,7.981103,11.107136,-3.126033
621.324000,1,-1,drone3,15.277237,-14.644493,0.000000,container5,16.868885,-15.264623,-1.791848,-1.591648,0.620130,1.791848,2.475605,22.780370,24.476449,-1.696079
621.392000,0,-1,drone3,4.195255,-4.784403,0.000000,container1,7.359087,-5.264045,-1.893192,-3.163832,0.479642,1.893192,3.718073,7.983898,11.108934,-3.125035
621.392000,1,-1,drone3,15.275768,-14.644075,0.000000,container5,16.868489,-15.264698,-1.805131,-1.592720,0.620623,1.805131,2.486047,22.779131,24.477326,-1.698195
621.424000,0,-1,drone3,4.195739,-4.787834,0.000000,container1,7.358761,-5.264101,-1.899281,-3.163022,0.476267,1.899281,3.720054,7.986523,11.110008,-3.123485
621.424000,1,-1,drone3,15.275573,-14.644777,0.000000,container5,16.868277,-15.264738,-1.811751,-1.592704,0.619961,1.811751,2.490683,22.779669,24.477924,-1.698255
621.492000,0,-1,drone3,4.196336,-4.791763,0.000000,container1,7.358085,-5.264220,-1.911257,-3.161749,0.472457,1.911257,3.724618,7.989526,11.111821,-3.122295
621.492000,1,-1,drone3,15.275592,-14.644511,0.000000,container5,16.867825,-15.264823,-1.824930,-1.592233,0.620312,1.824930,2.500072,22.779762,24.478852,-1.699090
621.556000,0,-1,drone3,4.196635,-4.795319,0.000000,container1,7.357734,-5.264282,-1.917139,-3.161099,0.468963,1.917139,3.726647,7.992074,11.112853,-3.120779
621.556000,1,-1,drone3,15.274277,-14.645462,0.000000,container5,16.867586,-15.264867,-1.831481,-1.593309,0.619405,1.831481,2.505318,22.779593,24.479434,-1.699840
621.592000,0,-1,drone3,4.196357,-4.798448,0.000000,container1,7.357009,-5.264411,-1.928671,-3.160652,0.465964,1.928671,3.731838,7.993905,11.114572,-3.120666
621.592000,1,-1,drone3,15.273180,-14.646428,0.000000,container5,16.867080,-15.264962,-1.844489,-1.593900,0.618534,1.844489,2.515003,22.779604,24.480325,-1.700721
621.656000,0,-1,drone3,4.196282,-4.803730,0.000000,container1,7.356253,-5.264547,-1.939875,-3.159971,0.460817,1.939875,3.736427,7.997138,11.116221,-3.119083
621.656000,1,-1,drone3,15.271105,-14.648178,0.000000,container5,16.866538,-15.265063,-1.857348,-1.595433,0.616885,1.857348,2.525014,22.779356,24.481189,-1.701833
621.720000,0,-1,drone3,4.196114,-4.809594,0.000000,container1,7.355863,-5.264617,-1.945346,-3.159749,0.455023,1.945346,3.738373,8.000632,11.117168,-3.116537
621.720000,1,-1,drone3,15.268937,-14.649980,0.000000,container5,16.866254,-15.265116,-1.863712,-1.597317,0.615135,1.863712,2.530462,22.779068,24.481737,-1.702669
621.788000,0,-1,drone3,4.196291,-4.815849,0.000000,container1,7.355062,-5.264762,-1.956010,-3.158770,0.448913,1.956010,3.742369,8.004544,11.118605,-3.114061
621.788000,1,-1,drone3,15.264847,-14.652593,0.000000,container5,16.865660,-15.265226,-1.876295,-1.600813,0.612633,1.876295,2.541339,22.777724,24.482469,-1.704745
621.820000,0,-1,drone3,4.196091,-4.821229,0.000000,container1,7.354651,-5.264837,-1.961197,-3.158560,0.443608,1.961197,3.744273,8.007737,11.119494,-3.111756
621.820000,1,-1,drone3,15.258982,-14.654449,0.000000,container5,16.865350,-15.265283,-1.882505,-1.606367,0.610834,1.882505,2.548992,22.774613,24.482994,-1.708381
621.888000,1,-1,drone3,15.248480,-14.656192,0.000000,container5,16.865031,-15.265342,-1.888658,-1.616552,0.609151,1.888658,2.559557,22.767759,24.483424,-1.715665
621.888000,0,-1,drone3,4.195957,-4.829459,0.000000,container1,7.354232,-5.264914,-1.966284,-3.158275,0.435454,1.966284,3.745743,8.012536,11.120261,-3.107725
621.920000,1,-1,drone3,15.239929,-14.656869,0.000000,container5,16.864370,-15.265464,-1.900775,-1.624440,0.608596,1.900775,2.573352,22.761825,24.484172,-1.722347
621.920000,0,-1,drone3,4.195873,-4.835322,0.000000,container1,7.353376,-5.265070,-1.976144,-3.157503,0.429748,1.976144,3.749621,8.016108,11.121632,-3.105523
621.988000,1,-1,drone3,15.228546,-14.655776,0.000000,container5,16.864027,-15.265528,-1.906733,-1.635480,0.609752,1.906733,2.585000,22.752496,24.484574,-1.732078
621.988000,0,-1,drone3,4.195257,-4.842409,0.000000,container1,7.352939,-5.265151,-1.980913,-3.157682,0.422742,1.980913,3.751490,8.019862,11.122333,-3.102471
622.020000,1,-1,drone3,15.219521,-14.653709,0.000000,container5,16.863676,-15.265592,-1.912619,-1.644155,0.611884,1.912619,2.595334,22.744456,24.485052,-1.740596
622.020000,0,-1,drone3,4.194435,-4.846623,0.000000,container1,7.352495,-5.265233,-1.985569,-3.158060,0.418610,1.985569,3.753806,8.021886,11.123111,-3.101225
622.084000,1,-1,drone3,15.207756,-14.649889,0.000000,container5,16.862950,-15.265725,-1.924165,-1.655194,0.615836,1.924165,2.611768,22.733104,24.485637,-1.752533
622.084000,0,-1,drone3,4.193552,-4.852631,0.000000,container1,7.351589,-5.265400,-1.994537,-3.158037,0.412769,1.994537,3.757892,8.024807,11.124199,-3.099392
622.116000,1,-1,drone3,15.198443,-14.644524,0.000000,container5,16.862576,-15.265794,-1.929818,-1.664133,0.621269,1.929818,2.622882,22.722748,24.486083,-1.763335
622.116000,0,-1,drone3,4.193220,-4.856453,0.000000,container1,7.351128,-5.265486,-1.998843,-3.157908,0.409033,1.998843,3.759663,8.027007,11.124904,-3.097897
622.184000,1,-1,drone3,15.185193,-14.636070,0.000000,container5,16.862195,-15.265864,-1.935387,-1.677002,0.629794,1.935387,2.637176,22.707306,24.486433,-1.779127
622.184000,0,-1,drone3,4.193701,-4.863142,0.000000,container1,7.350661,-5.265572,-2.003028,-3.156960,0.402430,2.003028,3.760381,8.031438,11.125485,-3.094047
622.216000,1,-1,drone3,15.176642,-14.628716,0.000000,container5,16.861410,-15.266007,-1.946259,-1.684768,0.637291,1.946259,2.651887,22.696275,24.487017,-1.790742
622.216000,0,-1,drone3,4.194742,-4.867096,0.000000,container1,7.349713,-5.265749,-2.011021,-3.154970,0.398653,2.011021,3.762575,8.034836,11.126472,-3.091636
622.284000,1,-1,drone3,15.166738,-14.619788,0.000000,container5,16.861007,-15.266080,-1.951557,-1.694269,0.646292,1.951557,2.663985,22.683117,24.487333,-1.804216
622.284000,0,-1,drone3,4.195863,-4.873302,0.000000,container1,7.349231,-5.265839,-2.014826,-3.153368,0.392537,2.014826,3.762624,8.039512,11.126975,-3.087463
622.316000,1,-1,drone3,15.162174,-14.613023,0.000000,container5,16.860181,-15.266230,-1.961862,-1.698007,0.653207,1.961862,2.675595,22.675538,24.487848,-1.812310
622.316000,0,-1,drone3,4.196877,-4.876492,0.000000,container1,7.348254,-5.266021,-2.022041,-3.151377,0.389530,2.022041,3.764514,8.042445,11.127804,-3.085359
622.384000,0,-1,drone3,4.197733,-4.882205,0.000000,container1,7.347759,-5.266114,-2.025447,-3.150026,0.383909,2.025447,3.764636,8.046622,11.128226,-3.081604
622.384000,1,-1,drone3,15.153872,-14.603856,0.000000,container5,16.859758,-15.266307,-1.966863,-1.705887,0.662451,1.966863,2.686529,22.663465,24.488128,-1.824663
622.416000,1,-1,drone3,15.151498,-14.597287,0.000000,container5,16.858894,-15.266463,-1.976548,-1.707396,0.669176,1.976548,2.696246,22.657702,24.488570,-1.830868
622.416000,0,-1,drone3,4.198781,-4.885033,0.000000,container1,7.346757,-5.266302,-2.031846,-3.147976,0.381269,2.031846,3.766101,8.049371,11.128890,-3.079519
622.480000,1,-1,drone3,15.145661,-14.589393,0.000000,container5,16.858453,-15.266542,-1.981228,-1.712792,0.677149,1.981228,2.705079,22.648340,24.488812,-1.840472
622.480000,0,-1,drone3,4.200220,-4.890171,0.000000,container1,7.346251,-5.266397,-2.034836,-3.146032,0.376226,2.034836,3.765583,8.053690,11.129227,-3.075537
622.512000,1,-1,drone3,15.143778,-14.583414,0.000000,container5,16.858006,-15.266623,-1.985794,-1.714228,0.683209,1.985794,2.710854,22.643328,24.489121,-1.845794
622.512000,0,-1,drone3,4.201007,-4.893294,0.000000,container1,7.345741,-5.266493,-2.037683,-3.144734,0.373199,2.037683,3.765738,8.056394,11.129629,-3.073235
622.580000,1,-1,drone3,15.138563,-14.576298,0.000000,container5,16.857096,-15.266786,-1.994581,-1.718533,0.690488,1.994581,2.721853,22.634938,24.489380,-1.854442
622.580000,0,-1,drone3,4.201895,-4.899115,0.000000,container1,7.344713,-5.266686,-2.042943,-3.142818,0.367571,2.042943,3.766435,8.060660,11.129970,-3.069311
622.612000,1,-1,drone3,15.136700,-14.571776,0.000000,container5,16.856633,-15.266869,-1.998795,-1.719933,0.695093,1.998795,2.726996,22.630863,24.489648,-1.858785
622.612000,0,-1,drone3,4.202579,-4.901566,0.000000,container1,7.344195,-5.266784,-2.045353,-3.141616,0.365218,2.045353,3.766511,8.062887,11.130283,-3.067395
622.680000,1,-1,drone3,15.132561,-14.565101,0.000000,container5,16.855692,-15.267037,-2.006856,-1.723131,0.701936,2.006856,2.736671,22.623583,24.489829,-1.866246
622.680000,0,-1,drone3,4.203905,-4.906867,0.000000,container1,7.343150,-5.266981,-2.049727,-3.139245,0.360114,2.049727,3.766420,8.067208,11.130449,-3.063241
622.744000,1,-1,drone3,15.127858,-14.559464,0.000000,container5,16.855215,-15.267122,-2.010697,-1.727357,0.707658,2.010697,2.743619,22.616600,24.490054,-1.873454
622.744000,0,-1,drone3,4.205483,-4.912211,0.000000,container1,7.342625,-5.267080,-2.051688,-3.137142,0.354869,2.051688,3.765238,8.071840,11.130670,-3.058830
622.780000,1,-1,drone3,15.126698,-14.556399,0.000000,container5,16.854733,-15.267207,-2.014410,-1.728035,0.710808,2.014410,2.747581,22.613911,24.490187,-1.876276
622.780000,0,-1,drone3,4.207322,-4.915061,0.000000,container1,7.342098,-5.267179,-2.053496,-3.134775,0.352118,2.053496,3.763994,8.075154,11.130769,-3.055615
622.844000,1,-1,drone3,15.121943,-14.551504,0.000000,container5,16.853757,-15.267380,-2.021442,-1.731814,0.715876,2.021442,2.756426,22.607354,24.490335,-1.882981
622.844000,0,-1,drone3,4.209817,-4.919783,0.000000,container1,7.341039,-5.267379,-2.056652,-3.131222,0.347596,2.056652,3.762339,8.080168,11.130786,-3.050618
622.876000,1,-1,drone3,15.119835,-14.549684,0.000000,container5,16.853263,-15.267467,-2.024756,-1.733428,0.717783,2.024756,2.760366,22.604791,24.490501,-1.885709
622.876000,0,-1,drone3,4.211211,-4.922359,0.000000,container1,7.340507,-5.267479,-2.057998,-3.129296,0.345120,2.057998,3.761244,8.083037,11.130881,-3.047845
622.944000,1,-1,drone3,15.112385,-14.545638,0.000000,container5,16.852265,-15.267642,-2.030975,-1.739880,0.722004,2.030975,2.770078,22.596610,24.490489,-1.893879
622.944000,0,-1,drone3,4.213133,-4.927803,0.000000,container1,7.339441,-5.267680,-2.060220,-3.126308,0.339877,2.060220,3.759498,8.087922,11.130629,-3.042707
622.976000,1,-1,drone3,15.109669,-14.544375,0.000000,container5,16.851761,-15.267730,-2.033875,-1.742091,0.723356,2.033875,2.773945,22.593853,24.490536,-1.896683
622.976000,0,-1,drone3,4.214529,-4.930246,0.000000,container1,7.338907,-5.267781,-2.061096,-3.124378,0.337535,2.061096,3.758162,8.090633,11.130544,-3.039910
623.044000,1,-1,drone3,15.102175,-14.539753,0.000000,container5,16.851254,-15.267819,-2.036634,-1.749079,0.728066,2.036634,2.781588,22.585342,24.490641,-1.905300
623.044000,0,-1,drone3,4.216633,-4.934460,0.000000,container1,7.338372,-5.267882,-2.061813,-3.121739,0.333422,2.061813,3.755995,8.095026,11.130513,-3.035487
623.076000,0,-1,drone3,4.217535,-4.935551,0.000000,container1,7.337303,-5.268084,-2.062772,-3.119768,0.332532,2.062772,3.754805,8.096622,11.130104,-3.033482
623.076000,1,-1,drone3,15.098889,-14.538442,0.000000,container5,16.850232,-15.267997,-2.041720,-1.751343,0.729555,2.041720,2.787127,22.582180,24.490589,-1.908408
623.140000,0,-1,drone3,4.219018,-4.937913,0.000000,container1,7.336768,-5.268184,-2.063013,-3.117750,0.330271,2.063013,3.753061,8.099353,11.129896,-3.030543
623.140000,1,-1,drone3,15.093267,-14.534994,0.000000,container5,16.849717,-15.268086,-2.044046,-1.756450,0.733092,2.044046,2.792967,22.575787,24.490577,-1.914790
623.176000,0,-1,drone3,4.219759,-4.938147,0.000000,container1,7.335700,-5.268386,-2.063017,-3.115941,0.330238,2.063017,3.751558,8.100315,11.129305,-3.028990
623.176000,1,-1,drone3,15.091763,-14.533582,0.000000,container5,16.848682,-15.268265,-2.048254,-1.756919,0.734682,2.048254,2.796760,22.573936,24.490438,-1.916501
623.240000,0,-1,drone3,4.220445,-4.940294,0.000000,container1,7.335167,-5.268486,-2.062780,-3.114722,0.328192,2.062780,3.750235,8.102269,11.129006,-3.026737
623.240000,1,-1,drone3,15.089929,-14.529380,0.000000,container5,16.848161,-15.268354,-2.050135,-1.758233,0.738975,2.050135,2.800092,22.569991,24.490381,-1.920391
623.272000,0,-1,drone3,4.220357,-4.940072,0.000000,container1,7.334104,-5.268686,-2.061827,-3.113747,0.328613,2.061827,3.748939,8.102286,11.128237,-3.025950
623.272000,1,-1,drone3,15.091964,-14.528159,0.000000,container5,16.847116,-15.268533,-2.053443,-1.755151,0.740374,2.053443,2.800954,22.570995,24.490156,-1.919161
623.340000,0,-1,drone3,4.220674,-4.941893,0.000000,container1,7.333047,-5.268884,-2.060238,-3.112373,0.326992,2.060238,3.746781,8.103819,11.127351,-3.023532
623.340000,1,-1,drone3,15.092529,-14.525042,0.000000,container5,16.846066,-15.268712,-2.056143,-1.753537,0.743669,2.056143,2.802795,22.569658,24.489873,-1.920216
623.404000,0,-1,drone3,4.220772,-4.943365,0.000000,container1,7.332520,-5.268983,-2.059206,-3.111748,0.325618,2.059206,3.745575,8.104969,11.126983,-3.022014
623.404000,1,-1,drone3,15.092441,-14.523095,0.000000,container5,16.845540,-15.268801,-2.057263,-1.753099,0.745706,2.057263,2.803883,22.568554,24.489812,-1.921258
623.472000,0,-1,drone3,4.220537,-4.944162,0.000000,container1,7.331996,-5.269081,-2.058016,-3.111459,0.324920,2.058016,3.744620,8.105381,11.126506,-3.021125
623.472000,1,-1,drone3,15.091315,-14.522791,0.000000,container5,16.845014,-15.268890,-2.058228,-1.753699,0.746099,2.058228,2.805071,22.567621,24.489668,-1.922047
623.504000,0,-1,drone3,4.218902,-4.943372,0.000000,container1,7.330953,-5.269276,-2.055164,-3.112051,0.325904,2.055164,3.743632,8.103800,11.125391,-3.021591
623.504000,1,-1,drone3,15.090862,-14.523630,0.000000,container5,16.843960,-15.269067,-2.059692,-1.753097,0.745437,2.059692,2.805594,22.567996,24.489271,-1.921275
623.572000,0,-1,drone3,4.217747,-4.943251,0.000000,container1,7.330435,-5.269373,-2.053504,-3.112688,0.326122,2.053504,3.743269,8.102928,11.124830,-3.021902
623.572000,1,-1,drone3,15.089194,-14.523644,0.000000,container5,16.843433,-15.269155,-2.060191,-1.754239,0.745511,2.060191,2.806693,22.566842,24.489084,-1.922242
623.604000,0,-1,drone3,4.216520,-4.941462,0.000000,container1,7.329407,-5.269564,-2.049721,-3.112887,0.328103,2.049721,3.741533,8.101161,11.123626,-3.022465
623.604000,1,-1,drone3,15.090055,-14.524534,0.000000,container5,16.842380,-15.269329,-2.060721,-1.752325,0.744795,2.060721,2.805696,22.568325,24.488669,-1.920344
623.668000,0,-1,drone3,4.216465,-4.939943,0.000000,container1,7.328897,-5.269659,-2.047598,-3.112432,0.329716,2.047598,3.740134,8.100367,11.122984,-3.022617
623.668000,1,-1,drone3,15.089518,-14.523108,0.000000,container5,16.841854,-15.269416,-2.060751,-1.752336,0.746308,2.060751,2.806127,22.567131,24.488440,-1.921309
623.736000,0,-1,drone3,4.215420,-4.938757,0.000000,container1,7.327887,-5.269846,-2.042899,-3.112467,0.331089,2.042899,3.737714,8.099027,11.121547,-3.022520
623.736000,1,-1,drone3,15.091924,-14.522114,0.000000,container5,16.840806,-15.269588,-2.060342,-1.748881,0.747475,2.060342,2.803982,22.568549,24.487878,-1.919329
623.768000,0,-1,drone3,4.215305,-4.936201,0.000000,container1,7.327386,-5.269939,-2.040325,-3.112081,0.333738,2.040325,3.736222,8.097578,11.120827,-3.023249
623.768000,1,-1,drone3,15.094560,-14.522328,0.000000,container5,16.840283,-15.269674,-2.059903,-1.745723,0.747346,2.059903,2.801656,22.570847,24.487609,-1.916763
623.836000,0,-1,drone3,4.215600,-4.934578,0.000000,container1,7.326890,-5.270031,-2.037602,-3.111289,0.335453,2.037602,3.734230,8.097070,11.120155,-3.023085
623.836000,1,-1,drone3,15.093549,-14.521940,0.000000,container5,16.839762,-15.269758,-2.059308,-1.746213,0.747818,2.059308,2.801650,22.570001,24.487389,-1.917388
623.900000,0,-1,drone3,4.215780,-4.933071,0.000000,container1,7.325907,-5.270212,-2.031718,-3.110126,0.337141,2.031718,3.730205,8.096535,11.118520,-3.021985
623.900000,1,-1,drone3,15.092209,-14.522026,0.000000,container5,16.838724,-15.269926,-2.057652,-1.746515,0.747900,2.057652,2.800644,22.569199,24.486723,-1.917524
623.932000,0,-1,drone3,4.215897,-4.930990,0.000000,container1,7.325421,-5.270301,-2.028560,-3.109524,0.339312,2.028560,3.728180,8.095549,11.117703,-3.022155
623.932000,1,-1,drone3,15.093114,-14.523196,0.000000,container5,16.838208,-15.270009,-2.056592,-1.745094,0.746813,2.056592,2.798688,22.570760,24.486402,-1.915642
624.000000,0,-1,drone3,4.216234,-4.930124,0.000000,container1,7.324462,-5.270477,-2.021818,-3.108228,0.340353,2.021818,3.723530,8.095511,11.115932,-3.020421
624.000000,1,-1,drone3,15.094473,-14.523669,0.000000,container5,16.837183,-15.270172,-2.054009,-1.742710,0.746504,2.054009,2.795221,22.572289,24.485663,-1.913374
624.032000,0,-1,drone3,4.216474,-4.928909,0.000000,container1,7.323989,-5.270563,-2.018239,-3.107515,0.341654,2.018239,3.721111,8.095127,11.115049,-3.019922
624.032000,1,-1,drone3,15.097906,-14.525170,0.000000,container5,16.836673,-15.270253,-2.052488,-1.738767,0.745082,2.052488,2.791266,22.576015,24.485305,-1.909291
624.100000,0,-1,drone3,4.216606,-4.927958,0.000000,container1,7.323055,-5.270733,-2.010673,-3.106449,0.342775,2.010673,3.716225,8.094871,11.113151,-3.018280
624.100000,1,-1,drone3,15.098491,-14.526511,0.000000,container5,16.835662,-15.270412,-2.048991,-1.737171,0.743900,2.048991,2.787385,22.577492,24.484496,-1.907004
624.164000,0,-1,drone3,4.216534,-4.927032,0.000000,container1,7.322596,-5.270817,-2.006690,-3.106062,0.343785,2.006690,3.713841,8.094399,11.112207,-3.017808
624.164000,1,-1,drone3,15.099164,-14.527367,0.000000,container5,16.835161,-15.270490,-2.047017,-1.735997,0.743123,2.047017,2.784995,22.578670,24.484104,-1.905433
624.196000,0,-1,drone3,4.216417,-4.926061,0.000000,container1,7.321690,-5.270980,-1.998335,-3.105273,0.344919,1.998335,3.708778,8.093988,11.110263,-3.016274
624.196000,1,-1,drone3,15.100288,-14.529354,0.000000,container5,16.834168,-15.270643,-2.042623,-1.733880,0.741289,2.042623,2.779956,22.581028,24.483287,-1.902258
624.264000,0,-1,drone3,4.216612,-4.924438,0.000000,container1,7.321245,-5.271060,-1.993967,-3.104634,0.346622,1.993967,3.706049,8.093328,11.109263,-3.015935
624.264000,1,-1,drone3,15.101513,-14.531403,0.000000,container5,16.833676,-15.270718,-2.040205,-1.732163,0.739315,2.040205,2.776583,22.583389,24.482863,-1.899473
624.296000,0,-1,drone3,4.216950,-4.922833,0.000000,container1,7.320370,-5.271217,-1.984864,-3.103420,0.348384,1.984864,3.700307,8.092916,11.107213,-3.014297
624.296000,1,-1,drone3,15.101877,-14.535015,0.000000,container5,16.832703,-15.270866,-2.034935,-1.730826,0.735852,2.034935,2.770956,22.586185,24.481983,-1.895798
624.396000,0,-1,drone3,4.217029,-4.920702,0.000000,container1,7.319516,-5.271369,-1.975285,-3.102487,0.350668,1.975285,3.694610,8.091865,11.104965,-3.013099
624.396000,1,-1,drone3,15.101458,-14.538598,0.000000,container5,16.831745,-15.271010,-2.029095,-1.730287,0.732412,2.029095,2.765420,22.588243,24.480950,-1.892707
624.428000,0,-1,drone3,4.216367,-4.918676,0.000000,container1,7.319097,-5.271444,-1.970324,-3.102730,0.352768,1.970324,3.692364,8.090333,11.103954,-3.013621
624.428000,1,-1,drone3,15.101737,-14.542326,0.000000,container5,16.831272,-15.271080,-2.025965,-1.729535,0.728754,2.025965,2.761686,22.590990,24.480535,-1.889545
624.496000,0,-1,drone3,4.215451,-4.915277,0.000000,container1,7.318276,-5.271589,-1.960071,-3.102825,0.356311,1.960071,3.687324,8.087737,11.101623,-3.013886
624.496000,1,-1,drone3,15.101330,-14.546658,0.000000,container5,16.830338,-15.271218,-2.019295,-1.729007,0.724560,2.019295,2.755359,22.593533,24.479450,-1.885917
624.528000,0,-1,drone3,4.214088,-4.912339,0.000000,container1,7.317873,-5.271660,-1.954785,-3.103786,0.359321,1.954785,3.685618,8.085103,11.100573,-3.015470
624.528000,1,-1,drone3,15.102862,-14.551427,0.000000,container5,16.829877,-15.271285,-2.015757,-1.727015,0.719857,2.015757,2.750282,22.597908,24.479009,-1.881101
624.592000,0,-1,drone3,4.212365,-4.908403,0.000000,container1,7.317086,-5.271797,-1.943908,-3.104721,0.363394,1.943908,3.681050,8.081598,11.098238,-3.016640
624.592000,1,-1,drone3,15.106358,-14.557439,0.000000,container5,16.828969,-15.271415,-2.008288,-1.722612,0.713976,2.008288,2.740506,22.604588,24.477933,-1.873345
624.624000,0,-1,drone3,4.210769,-4.904092,0.000000,container1,7.316702,-5.271864,-1.938322,-3.105933,0.367772,1.938322,3.679561,8.077920,11.097089,-3.019169
624.624000,1,-1,drone3,15.109985,-14.562237,0.000000,container5,16.828523,-15.271479,-2.004361,-1.718537,0.709242,2.004361,2.733836,22.610545,24.477413,-1.866867
624.692000,0,-1,drone3,4.208165,-4.897710,0.000000,container1,7.315950,-5.271994,-1.926873,-3.107786,0.374284,1.926873,3.675767,8.072340,11.094763,-3.022423
624.692000,1,-1,drone3,15.112887,-14.568499,0.000000,container5,16.827643,-15.271603,-1.996130,-1.714756,0.703104,1.996130,2.723835,22.616980,24.476351,-1.859371
624.760000,0,-1,drone3,4.205389,-4.889491,0.000000,container1,7.315584,-5.272057,-1.921016,-3.110195,0.382566,1.921016,3.675591,8.065441,11.093588,-3.028147
624.760000,1,-1,drone3,15.118087,-14.574683,0.000000,container5,16.827211,-15.271663,-1.991831,-1.709124,0.696979,1.991831,2.715561,22.625032,24.475811,-1.850779
624.824000,0,-1,drone3,4.202472,-4.881115,0.000000,container1,7.314869,-5.272179,-1.909050,-3.112397,0.391064,1.909050,3.672114,8.058457,11.091218,-3.032760
624.824000,1,-1,drone3,15.124216,-14.579706,0.000000,container5,16.826362,-15.271779,-1.982878,-1.702145,0.692073,1.982878,2.703344,22.633174,24.474712,-1.841538
624.892000,0,-1,drone3,4.199365,-4.872646,0.000000,container1,7.314180,-5.272296,-1.896772,-3.114815,0.399650,1.896772,3.668724,8.051150,11.088693,-3.037544
624.892000,1,-1,drone3,15.131858,-14.585450,0.000000,container5,16.825533,-15.271890,-1.973468,-1.693676,0.686440,1.973468,2.689668,22.642834,24.473482,-1.830648
624.924000,0,-1,drone3,4.196989,-4.866189,0.000000,container1,7.313845,-5.272352,-1.890524,-3.116857,0.406163,1.890524,3.667948,8.045661,11.087556,-3.041895
624.924000,1,-1,drone3,15.143430,-14.588577,0.000000,container5,16.825127,-15.271944,-1.968597,-1.681698,0.683367,1.968597,2.677774,22.653929,24.472971,-1.819042
624.988000,0,-1,drone3,4.194719,-4.858563,0.000000,container1,7.313194,-5.272461,-1.877826,-3.118476,0.413898,1.877826,3.663664,8.039528,11.085010,-3.045482
624.988000,1,-1,drone3,15.151018,-14.591851,0.000000,container5,16.824332,-15.272048,-1.958539,-1.673314,0.680197,1.958539,2.664306,22.661982,24.471715,-1.809733
625.020000,0,-1,drone3,4.193436,-4.852766,0.000000,container1,7.312879,-5.272513,-1.871384,-3.119443,0.419748,1.871384,3.661856,8.035318,11.083865,-3.048546
625.020000,1,-1,drone3,15.154729,-14.593611,0.000000,container5,16.823943,-15.272098,-1.953357,-1.669214,0.678488,1.953357,2.657485,22.666129,24.471192,-1.805062
625.088000,0,-1,drone3,4.191422,-4.845284,0.000000,container1,7.312268,-5.272614,-1.858329,-3.120845,0.427329,1.858329,3.657277,8.029601,11.081441,-3.051839
625.088000,1,-1,drone3,15.157990,-14.595946,0.000000,container5,16.823181,-15.272194,-1.942701,-1.665191,0.676249,1.942701,2.646556,22.670348,24.470026,-1.799678
625.156000,0,-1,drone3,4.189525,-4.838423,0.000000,container1,7.311972,-5.272662,-1.851724,-3.122447,0.434239,1.851724,3.656107,8.024222,11.080229,-3.056007
625.156000,1,-1,drone3,15.159389,-14.596888,0.000000,container5,16.822809,-15.272240,-1.937232,-1.663420,0.675353,1.937232,2.641199,22.672135,24.469439,-1.797304
625.188000,0,-1,drone3,4.188957,-4.834147,0.000000,container1,7.311400,-5.272755,-1.838374,-3.122444,0.438607,1.838374,3.649884,8.021476,11.077743,-3.056267
625.188000,1,-1,drone3,15.158951,-14.595166,0.000000,container5,16.822083,-15.272329,-1.926029,-1.663132,0.677163,1.926029,2.633276,22.670867,24.468204,-1.797338
625.252000,1,-1,drone3,15.158696,-14.592603,0.000000,container5,16.821381,-15.272412,-1.914490,-1.662685,0.679809,1.914490,2.625249,22.669206,24.466964,-1.797758
625.252000,0,-1,drone3,4.187714,-4.826895,0.000000,container1,7.310856,-5.272842,-1.824864,-3.123142,0.445947,1.824864,3.644587,8.016471,11.075268,-3.058796
625.320000,1,-1,drone3,15.157983,-14.589903,0.000000,container5,16.821039,-15.272451,-1.908603,-1.663056,0.682548,1.908603,2.621906,22.667104,24.466424,-1.799320
625.320000,0,-1,drone3,4.186767,-4.819216,0.000000,container1,7.310594,-5.272883,-1.818058,-3.123827,0.453667,1.818058,3.642725,8.011467,11.074132,-3.062666
625.384000,1,-1,drone3,15.157229,-14.587181,0.000000,container5,16.820374,-15.272527,-1.896609,-1.663145,0.685345,1.896609,2.613977,22.664957,24.465180,-1.800223
625.384000,0,-1,drone3,4.186591,-4.812247,0.000000,container1,7.310091,-5.272962,-1.804362,-3.123499,0.460716,1.804362,3.636513,8.007505,11.071682,-3.064176
625.452000,1,-1,drone3,15.156352,-14.584923,0.000000,container5,16.820051,-15.272562,-1.890509,-1.663699,0.687639,1.890509,2.610511,22.662954,24.464585,-1.801631
625.452000,0,-1,drone3,4.185968,-4.805156,0.000000,container1,7.309849,-5.273000,-1.797479,-3.123881,0.467844,1.797479,3.634342,8.003053,11.070497,-3.067444
625.484000,1,-1,drone3,15.153626,-14.581917,0.000000,container5,16.819424,-15.272630,-1.878118,-1.665797,0.690713,1.878118,2.603707,22.659153,24.463397,-1.804244
625.484000,0,-1,drone3,4.185750,-4.800989,0.000000,container1,7.309387,-5.273071,-1.783663,-3.123637,0.472082,1.783663,3.627868,8.000723,11.068147,-3.067424
625.552000,1,-1,drone3,15.150751,-14.579703,0.000000,container5,16.818822,-15.272692,-1.865495,-1.668071,0.692988,1.865495,2.596684,22.655685,24.462160,-1.806475
625.552000,0,-1,drone3,4.184530,-4.794253,0.000000,container1,7.308953,-5.273137,-1.769804,-3.124423,0.478883,1.769804,3.622645,7.996047,11.065764,-3.069718
625.616000,1,-1,drone3,15.149339,-14.578015,0.000000,container5,16.818531,-15.272721,-1.859105,-1.669192,0.694706,1.859105,2.593278,22.653681,24.461624,-1.807943
625.616000,0,-1,drone3,4.183414,-4.787890,0.000000,container1,7.308746,-5.273168,-1.762868,-3.125331,0.485277,1.762868,3.620896,7.991672,11.064682,-3.073010
625.684000,1,-1,drone3,15.147017,-14.577036,0.000000,container5,16.817968,-15.272775,-1.846186,-1.670951,0.695740,1.846186,2.585446,22.651369,24.460345,-1.808976
625.684000,0,-1,drone3,4.182775,-4.781589,0.000000,container1,7.308353,-5.273226,-1.749000,-3.125577,0.491637,1.749000,3.615237,7.987668,11.062290,-3.074623
625.716000,1,-1,drone3,15.144620,-14.576232,0.000000,container5,16.817697,-15.272801,-1.839663,-1.673076,0.696569,1.839663,2.582393,22.649162,24.459817,-1.810655
625.716000,0,-1,drone3,4.182733,-4.778433,0.000000,container1,7.308167,-5.273253,-1.742076,-3.125433,0.494820,1.742076,3.612203,7.986006,11.061238,-3.075231
625.780000,1,-1,drone3,15.144628,-14.577297,0.000000,container5,16.817173,-15.272848,-1.826509,-1.672546,0.695551,1.826509,2.572418,22.649947,24.458556,-1.808609
625.780000,0,-1,drone3,4.181897,-4.772616,0.000000,container1,7.307815,-5.273304,-1.728266,-3.125919,0.500687,1.728266,3.606793,7.982120,11.058913,-3.076793
625.812000,1,-1,drone3,15.146072,-14.578656,0.000000,container5,16.816922,-15.272869,-1.819884,-1.670850,0.694213,1.819884,2.566252,22.652081,24.458037,-1.805956
625.812000,0,-1,drone3,4.181449,-4.769007,0.000000,container1,7.307650,-5.273327,-1.721388,-3.126201,0.504320,1.721388,3.604254,7.979868,11.057895,-3.078027
625.880000,1,-1,drone3,15.148072,-14.581650,0.000000,container5,16.816438,-15.272909,-1.806559,-1.668366,0.691259,1.806559,2.554396,22.655680,24.456852,-1.801172
625.880000,0,-1,drone3,4.180580,-4.763277,0.000000,container1,7.307340,-5.273370,-1.707703,-3.126760,0.510093,1.707703,3.599038,7.976064,11.055709,-3.079645
625.948000,1,-1,drone3,15.149898,-14.584923,0.000000,container5,16.816206,-15.272927,-1.799865,-1.666308,0.688004,1.799865,2.547439,22.659269,24.456293,-1.797024
625.948000,0,-1,drone3,4.179872,-4.757928,0.000000,container1,7.307196,-5.273390,-1.700904,-3.127324,0.515462,1.700904,3.597072,7.972554,11.054668,-3.082115
625.980000,1,-1,drone3,15.151534,-14.586328,0.000000,container5,16.815762,-15.272959,-1.786432,-1.664228,0.686631,1.786432,2.536229,22.661578,24.455136,-1.793558
625.980000,0,-1,drone3,4.179729,-4.756010,0.000000,container1,7.306927,-5.273426,-1.687410,-3.127198,0.517416,1.687410,3.590883,7.971514,11.052568,-3.081053
626.044000,1,-1,drone3,15.154118,-14.587734,0.000000,container5,16.815551,-15.272974,-1.779700,-1.661433,0.685239,1.779700,2.529278,22.664620,24.454644,-1.790023
626.044000,0,-1,drone3,4.178506,-4.751894,0.000000,container1,7.306803,-5.273443,-1.680723,-3.128298,0.521549,1.680723,3.589302,7.968337,11.051632,-3.083296
626.112000,1,-1,drone3,15.157888,-14.589395,0.000000,container5,16.815147,-15.272999,-1.766224,-1.657259,0.683604,1.766224,2.516619,22.668741,24.453520,-1.784779
626.112000,0,-1,drone3,4.177480,-4.747222,0.000000,container1,7.306576,-5.273472,-1.667484,-3.129096,0.526250,1.667484,3.584506,7.965007,11.049624,-3.084618
626.176000,1,-1,drone3,15.162834,-14.589821,0.000000,container5,16.814955,-15.273010,-1.759487,-1.652121,0.683189,1.759487,2.508395,22.672987,24.453044,-1.780056
626.176000,0,-1,drone3,4.176342,-4.742488,0.000000,container1,7.306473,-5.273485,-1.660941,-3.130130,0.530997,1.660941,3.583071,7.961550,11.048736,-3.087186
626.208000,1,-1,drone3,15.167004,-14.590357,0.000000,container5,16.814592,-15.273029,-1.746032,-1.647588,0.682672,1.746032,2.495840,22.676702,24.451957,-1.775255
626.208000,0,-1,drone3,4.175523,-4.740604,0.000000,container1,7.306286,-5.273508,-1.648022,-3.130763,0.532905,1.648022,3.577938,7.959969,11.046829,-3.086859
626.276000,0,-1,drone3,4.174464,-4.735479,0.000000,container1,7.306126,-5.273527,-1.635351,-3.131661,0.538049,1.635351,3.573678,7.956301,11.044933,-3.088632
626.276000,1,-1,drone3,15.173441,-14.593021,0.000000,container5,16.814255,-15.273043,-1.732628,-1.640814,0.680022,1.732628,2.481270,22.683470,24.450849,-1.767379
626.344000,0,-1,drone3,4.173968,-4.730083,0.000000,container1,7.306056,-5.273535,-1.629116,-3.132087,0.543452,1.629116,3.572021,7.952998,11.044132,-3.091134
626.344000,1,-1,drone3,15.179646,-14.595105,0.000000,container5,16.814097,-15.273049,-1.725953,-1.634451,0.677943,1.725953,2.471832,22.689737,24.450405,-1.760668
626.376000,0,-1,drone3,4.174308,-4.727689,0.000000,container1,7.305935,-5.273548,-1.616866,-3.131627,0.545859,1.616866,3.566414,7.952082,11.042408,-3.090326
626.376000,1,-1,drone3,15.183953,-14.596732,0.000000,container5,16.813800,-15.273057,-1.712677,-1.629848,0.676325,1.712677,2.459081,22.694246,24.449392,-1.755146
626.440000,1,-1,drone3,15.189802,-14.599642,0.000000,container5,16.813662,-15.273059,-1.706082,-1.623860,0.673418,1.706082,2.449720,22.700711,24.448922,-1.748210
626.440000,0,-1,drone3,4.174297,-4.721977,0.000000,container1,7.305885,-5.273553,-1.610858,-3.131588,0.551577,1.610858,3.564539,7.948948,11.041604,-3.092657
626.476000,0,-1,drone3,4.175173,-4.718147,0.000000,container1,7.305803,-5.273561,-1.599088,-3.130630,0.555414,1.599088,3.558990,7.947715,11.040055,-3.092341
626.476000,1,-1,drone3,15.195181,-14.602154,0.000000,container5,16.813405,-15.273062,-1.692997,-1.618224,0.670908,1.692997,2.436186,22.706655,24.448005,-1.741351
626.572000,1,-1,drone3,15.202665,-14.602877,0.000000,container5,16.813286,-15.273062,-1.686513,-1.610621,0.670185,1.686513,2.426432,22.713000,24.447559,-1.734559
626.572000,0,-1,drone3,4.176685,-4.709431,0.000000,container1,7.305772,-5.273564,-1.593334,-3.129087,0.564132,1.593334,3.556423,7.944146,11.039311,-3.095165
626.604000,1,-1,drone3,15.207352,-14.603839,0.000000,container5,16.813068,-15.273059,-1.673681,-1.605716,0.669220,1.673681,2.413998,22.717376,24.446646,-1.729270
626.604000,0,-1,drone3,4.178697,-4.705718,0.000000,container1,7.305728,-5.273566,-1.582101,-3.127031,0.567848,1.582101,3.550185,7.943868,11.037827,-3.093959
626.672000,1,-1,drone3,15.212947,-14.603857,0.000000,container5,16.812969,-15.273056,-1.667339,-1.600023,0.669199,1.667339,2.405810,22.721857,24.446274,-1.724416
626.672000,0,-1,drone3,4.180524,-4.699928,0.000000,container1,7.305715,-5.273566,-1.576628,-3.125191,0.573638,1.576628,3.547060,7.942267,11.037200,-3.094933
626.740000,1,-1,drone3,15.218824,-14.604738,0.000000,container5,16.812790,-15.273048,-1.654821,-1.593966,0.668310,1.654821,2.392864,22.727102,24.445416,-1.718314
626.740000,0,-1,drone3,4.183216,-4.692071,0.000000,container1,7.305707,-5.273565,-1.565985,-3.122491,0.581494,1.565985,3.541242,7.940223,11.035842,-3.095619
626.804000,0,-1,drone3,4.185175,-4.683697,0.000000,container1,7.305723,-5.273560,-1.555764,-3.120549,0.589863,1.555764,3.536405,7.937288,11.034571,-3.097283
626.804000,1,-1,drone3,15.229027,-14.606288,0.000000,container5,16.812636,-15.273037,-1.642545,-1.583609,0.666749,1.642545,2.377041,22.736120,24.444597,-1.708477
626.836000,0,-1,drone3,4.186648,-4.679063,0.000000,container1,7.305763,-5.273553,-1.545986,-3.119115,0.594490,1.545986,3.531624,7.936053,11.033389,-3.097336
626.836000,1,-1,drone3,15.236007,-14.607197,0.000000,container5,16.812508,-15.273023,-1.630537,-1.576501,0.665826,1.630537,2.363754,22.742233,24.443818,-1.701585
626.904000,0,-1,drone3,4.188046,-4.672814,0.000000,container1,7.305791,-5.273549,-1.541269,-3.117745,0.600735,1.541269,3.529409,7.933805,11.032857,-3.099052
626.904000,1,-1,drone3,15.245676,-14.608286,0.000000,container5,16.812453,-15.273015,-1.624642,-1.566776,0.664729,1.624642,2.352895,22.750501,24.443466,-1.692965
626.936000,0,-1,drone3,4.188836,-4.670961,0.000000,container1,7.305824,-5.273544,-1.536671,-3.116988,0.602583,1.536671,3.527050,7.933564,11.032400,-3.098836
626.936000,1,-1,drone3,15.252535,-14.608607,0.000000,container5,16.812404,-15.273007,-1.618822,-1.559869,0.664400,1.618822,2.344185,22.756148,24.443168,-1.687020
627.000000,0,-1,drone3,4.189226,-4.666321,0.000000,container1,7.305907,-5.273532,-1.527840,-3.116681,0.607211,1.527840,3.523734,7.931432,11.031396,-3.099964
627.000000,1,-1,drone3,15.262050,-14.610037,0.000000,container5,16.812324,-15.272988,-1.607424,-1.550274,0.662950,1.607424,2.329521,22.764554,24.442471,-1.677917
627.068000,0,-1,drone3,4.189121,-4.662391,0.000000,container1,7.305957,-5.273526,-1.523612,-3.116836,0.611135,1.523612,3.522718,7.929240,11.030954,-3.101714
627.068000,1,-1,drone3,15.270854,-14.612451,0.000000,container5,16.812293,-15.272978,-1.601852,-1.541439,0.660526,1.601852,2.319107,22.772988,24.442161,-1.669172
627.100000,0,-1,drone3,4.188434,-4.659801,0.000000,container1,7.306071,-5.273512,-1.515540,-3.117637,0.613711,1.515540,3.520392,7.927405,11.030138,-3.102732
627.100000,1,-1,drone3,15.276014,-14.614257,0.000000,container5,16.812249,-15.272956,-1.590974,-1.536236,0.658698,1.590974,2.307618,22.778294,24.441571,-1.663277
627.168000,0,-1,drone3,4.187929,-4.653473,0.000000,container1,7.306205,-5.273497,-1.507996,-3.118275,0.620025,1.507996,3.518824,7.923541,11.029313,-3.105772
627.168000,1,-1,drone3,15.283021,-14.616937,0.000000,container5,16.812228,-15.272932,-1.580471,-1.529207,0.655995,1.580471,2.294927,22.785502,24.440941,-1.655439
627.232000,0,-1,drone3,4.187450,-4.647780,0.000000,container1,7.306278,-5.273489,-1.504426,-3.118829,0.625709,1.504426,3.518793,7.920100,11.029035,-3.108934
627.232000,1,-1,drone3,15.288940,-14.620260,0.000000,container5,16.812226,-15.272919,-1.575367,-1.523286,0.652660,1.575367,2.286514,22.792310,24.440726,-1.648416
627.300000,0,-1,drone3,4.187052,-4.641933,0.000000,container1,7.306439,-5.273472,-1.497702,-3.119388,0.631539,1.497702,3.517461,7.916686,11.028447,-3.111761
627.300000,1,-1,drone3,15.293804,-14.624349,0.000000,container5,16.812239,-15.272893,-1.565466,-1.518435,0.648544,1.565466,2.275289,22.798822,24.440245,-1.641423
627.364000,0,-1,drone3,4.186734,-4.636828,0.000000,container1,7.306526,-5.273464,-1.494551,-3.119792,0.636635,1.494551,3.517398,7.913665,11.028188,-3.114522
627.364000,1,-1,drone3,15.297170,-14.627901,0.000000,container5,16.812253,-15.272880,-1.560675,-1.515083,0.644978,1.560675,2.268740,22.803754,24.440022,-1.636268
627.400000,0,-1,drone3,4.186463,-4.634709,0.000000,container1,7.306713,-5.273446,-1.488678,-3.120250,0.638737,1.488678,3.515694,7.912389,11.027691,-3.115302
627.400000,1,-1,drone3,15.297663,-14.630049,0.000000,container5,16.812298,-15.272852,-1.551423,-1.514635,0.642803,1.551423,2.261466,22.805609,24.439570,-1.633961
627.464000,0,-1,drone3,4.186357,-4.631467,0.000000,container1,7.306915,-5.273428,-1.483388,-3.120558,0.641961,1.483388,3.514319,7.910624,11.027288,-3.116664
627.464000,1,-1,drone3,15.300703,-14.633417,0.000000,container5,16.812363,-15.272824,-1.542627,-1.511660,0.639407,1.542627,2.252477,22.810208,24.439164,-1.628956
627.528000,0,-1,drone3,4.186415,-4.629124,0.000000,container1,7.307021,-5.273419,-1.480965,-3.120605,0.644295,1.480965,3.513766,7.909496,11.027191,-3.117695
627.528000,1,-1,drone3,15.302884,-14.635075,0.000000,container5,16.812403,-15.272809,-1.538405,-1.509519,0.637735,1.538405,2.247675,22.813059,24.439037,-1.625978
627.596000,0,-1,drone3,4.186736,-4.626338,0.000000,container1,7.307244,-5.273401,-1.476569,-3.120508,0.647063,1.476569,3.512338,7.908339,11.026927,-3.118588
627.596000,1,-1,drone3,15.304580,-14.636564,0.000000,container5,16.812497,-15.272780,-1.530326,-1.507917,0.636217,1.530326,2.240644,22.815427,24.438701,-1.623274
627.664000,0,-1,drone3,4.187376,-4.624486,0.000000,container1,7.307479,-5.273384,-1.472781,-3.120103,0.648898,1.472781,3.510726,7.907965,11.026755,-3.118790
627.664000,1,-1,drone3,15.306892,-14.637510,0.000000,container5,16.812610,-15.272751,-1.522745,-1.505718,0.635241,1.522745,2.233712,22.817929,24.438412,-1.620483
627.696000,0,-1,drone3,4.188044,-4.625219,0.000000,container1,7.307726,-5.273367,-1.469607,-3.119681,0.648148,1.469607,3.508882,7.909052,11.026677,-3.117625
627.696000,1,-1,drone3,15.306934,-14.637365,0.000000,container5,16.812741,-15.272722,-1.515678,-1.505807,0.635357,1.515678,2.228994,22.817981,24.438171,-1.620190
627.760000,0,-1,drone3,4.189059,-4.624781,0.000000,container1,7.307853,-5.273359,-1.468252,-3.118793,0.648578,1.468252,3.507605,7.909775,11.026739,-3.116964
627.760000,1,-1,drone3,15.309377,-14.638911,0.000000,container5,16.812812,-15.272708,-1.512341,-1.503435,0.633797,1.512341,2.224678,22.820963,24.438124,-1.617162
627.828000,0,-1,drone3,4.190233,-4.624202,0.000000,container1,7.308113,-5.273344,-1.466012,-3.117880,0.649142,1.466012,3.505960,7.910552,11.026798,-3.116246
627.828000,1,-1,drone3,15.310638,-14.639495,0.000000,container5,16.812967,-15.272680,-1.506070,-1.502330,0.633186,1.506070,2.219497,22.822418,24.437954,-1.615536
627.892000,0,-1,drone3,4.191499,-4.623440,0.000000,container1,7.308382,-5.273330,-1.464399,-3.116883,0.649890,1.464399,3.504537,7.911344,11.026992,-3.115648
627.892000,1,-1,drone3,15.311008,-14.641381,0.000000,container5,16.813138,-15.272653,-1.500346,-1.502129,0.631272,1.500346,2.214934,22.824043,24.437869,-1.613825
627.960000,0,-1,drone3,4.192925,-4.623080,0.000000,container1,7.308657,-5.273319,-1.463416,-3.115733,0.650239,1.463416,3.503168,7.912452,11.027232,-3.114781
627.960000,1,-1,drone3,15.311982,-14.643896,0.000000,container5,16.813322,-15.272628,-1.495179,-1.501340,0.628732,1.495179,2.210178,22.826495,24.437793,-1.611298
628.024000,0,-1,drone3,4.196153,-4.622930,0.000000,container1,7.308797,-5.273313,-1.463162,-3.112644,0.650384,1.463162,3.500342,7.915176,11.027453,-3.112277
628.024000,1,-1,drone3,15.313669,-14.645964,0.000000,container5,16.813419,-15.272615,-1.492807,-1.499750,0.626652,1.492807,2.206902,22.829219,24.437829,-1.608609
628.092000,0,-1,drone3,4.197925,-4.623351,0.000000,container1,7.309078,-5.273305,-1.463127,-3.111153,0.649953,1.463127,3.498922,7.917007,11.027826,-3.110820
628.092000,1,-1,drone3,15.316421,-14.651669,0.000000,container5,16.813623,-15.272592,-1.488494,-1.497201,0.620923,1.488494,2.200630,22.835066,24.437824,-1.602758
628.124000,0,-1,drone3,4.199271,-4.625490,0.000000,container1,7.309220,-5.273301,-1.463346,-3.109949,0.647811,1.463346,3.497545,7.919437,11.028114,-3.108677
628.124000,1,-1,drone3,15.319006,-14.655391,0.000000,container5,16.813729,-15.272581,-1.486555,-1.494723,0.617190,1.486555,2.196580,22.839531,24.437895,-1.598364
628.192000,0,-1,drone3,4.201193,-4.625601,0.000000,container1,7.309506,-5.273296,-1.464257,-3.108313,0.647696,1.464257,3.496451,7.921221,11.028620,-3.107398
628.192000,1,-1,drone3,15.323215,-14.659711,0.000000,container5,16.813949,-15.272561,-1.483114,-1.490734,0.612850,1.483114,2.190320,22.845634,24.437961,-1.592327
628.256000,0,-1,drone3,4.203138,-4.626669,0.000000,container1,7.309791,-5.273294,-1.465797,-3.106653,0.646626,1.465797,3.495423,7.923557,11.029211,-3.105655
628.256000,1,-1,drone3,15.325527,-14.665016,0.000000,container5,16.814178,-15.272543,-1.480262,-1.488651,0.607528,1.480262,2.185486,22.850891,24.438072,-1.587182
628.320000,0,-1,drone3,4.204983,-4.627181,0.000000,container1,7.309933,-5.273294,-1.466801,-3.104950,0.646113,1.466801,3.494236,7.925503,11.029609,-3.104105
628.320000,1,-1,drone3,15.330869,-14.670244,0.000000,container5,16.814296,-15.272535,-1.479059,-1.483427,0.602292,1.479059,2.179662,22.858448,24.438203,-1.579756
628.388000,0,-1,drone3,4.206737,-4.628069,0.000000,container1,7.310357,-5.273300,-1.470742,-3.103620,0.645231,1.470742,3.494547,7.927626,11.030696,-3.103069
628.388000,1,-1,drone3,15.336482,-14.673759,0.000000,container5,16.814660,-15.272516,-1.476346,-1.478178,0.598758,1.476346,2.173273,22.865174,24.438471,-1.573297
628.456000,0,-1,drone3,4.208259,-4.629076,0.000000,container1,7.310496,-5.273303,-1.472362,-3.102237,0.644227,1.472362,3.493816,7.929538,11.031131,-3.101592
628.456000,1,-1,drone3,15.340166,-14.677711,0.000000,container5,16.814785,-15.272511,-1.475741,-1.474618,0.594801,1.475741,2.169354,22.870604,24.438609,-1.568005
628.520000,0,-1,drone3,4.209308,-4.630415,0.000000,container1,7.310769,-5.273313,-1.476059,-3.101461,0.642898,1.476059,3.494443,7.931331,11.032063,-3.100732
628.520000,1,-1,drone3,15.349627,-14.680544,0.000000,container5,16.815037,-15.272504,-1.474982,-1.465409,0.591961,1.474982,2.161808,22.879888,24.438920,-1.559032
628.588000,0,-1,drone3,4.209992,-4.631510,0.000000,container1,7.311036,-5.273327,-1.480355,-3.101045,0.641817,1.480355,3.495691,7.932643,11.033028,-3.100385
628.588000,1,-1,drone3,15.354399,-14.682171,0.000000,container5,16.815292,-15.272501,-1.474823,-1.460893,0.590330,1.474823,2.158194,22.884738,24.439234,-1.554496
628.620000,0,-1,drone3,4.209917,-4.632363,0.000000,container1,7.311167,-5.273335,-1.482725,-3.101250,0.640972,1.482725,3.496723,7.933146,11.033565,-3.100419
628.620000,1,-1,drone3,15.355567,-14.681635,0.000000,container5,16.815421,-15.272501,-1.474970,-1.459854,0.590866,1.474970,2.157738,22.885387,24.439428,-1.554041
628.684000,0,-1,drone3,4.211335,-4.632732,0.000000,container1,7.311420,-5.273355,-1.487902,-3.100085,0.640623,1.487902,3.497825,7.934717,11.034698,-3.099981
628.684000,1,-1,drone3,15.358801,-14.680409,0.000000,container5,16.815679,-15.272503,-1.475711,-1.456879,0.592094,1.475711,2.156570,22.887290,24.439849,-1.552560
628.784000,0,-1,drone3,4.212412,-4.631863,0.000000,container1,7.311662,-5.273380,-1.493651,-3.099250,0.641517,1.493651,3.499698,7.935276,11.035857,-3.100580
628.784000,1,-1,drone3,15.364992,-14.679907,0.000000,container5,16.815937,-15.272510,-1.477048,-1.450945,0.592603,1.477048,2.153623,22.891904,24.440270,-1.548366
628.816000,0,-1,drone3,4.212472,-4.631827,0.000000,container1,7.311891,-5.273409,-1.499960,-3.099419,0.641582,1.499960,3.502557,7.935454,11.037088,-3.101634
628.816000,1,-1,drone3,15.366887,-14.676259,0.000000,container5,16.816193,-15.272521,-1.478978,-1.449306,0.596262,1.478978,2.154853,22.891206,24.440731,-1.549525
628.884000,0,-1,drone3,4.212934,-4.630850,0.000000,container1,7.312001,-5.273425,-1.503320,-3.099067,0.642576,1.503320,3.503868,7.935448,11.037814,-3.102366
628.884000,1,-1,drone3,15.370170,-14.674698,0.000000,container5,16.816320,-15.272528,-1.480163,-1.446150,0.597831,1.480163,2.153981,22.892904,24.441047,-1.548143
628.948000,0,-1,drone3,4.212636,-4.630171,0.000000,container1,7.312208,-5.273462,-1.510442,-3.099572,0.643291,1.510442,3.507507,7.934927,11.039097,-3.104171
628.948000,1,-1,drone3,15.371471,-14.673753,0.000000,container5,16.816571,-15.272547,-1.482970,-1.445100,0.598794,1.482970,2.155474,22.893411,24.441521,-1.548110
628.984000,0,-1,drone3,4.211793,-4.629968,0.000000,container1,7.312306,-5.273482,-1.514199,-3.100512,0.643514,1.514199,3.509998,7.934325,11.039937,-3.105613
628.984000,1,-1,drone3,15.373263,-14.672467,0.000000,container5,16.816695,-15.272558,-1.484591,-1.443432,0.600091,1.484591,2.155833,22.894182,24.441918,-1.547736
629.048000,0,-1,drone3,4.210983,-4.629713,0.000000,container1,7.312487,-5.273526,-1.522098,-3.101505,0.643813,1.522098,3.514343,7.933617,11.041322,-3.107704
629.048000,1,-1,drone3,15.375513,-14.670404,0.000000,container5,16.816937,-15.272584,-1.488260,-1.441424,0.602179,1.488260,2.157601,22.894725,24.442448,-1.547723
629.112000,0,-1,drone3,4.209222,-4.630748,0.000000,container1,7.312650,-5.273575,-1.530494,-3.103428,0.642827,1.530494,3.519503,7.932950,11.042890,-3.109940
629.112000,1,-1,drone3,15.377784,-14.668739,0.000000,container5,16.817171,-15.272615,-1.492492,-1.439387,0.603876,1.492492,2.159638,22.895640,24.443116,-1.547476
629.180000,0,-1,drone3,4.207629,-4.632700,0.000000,container1,7.312724,-5.273601,-1.534872,-3.105095,0.640901,1.534872,3.522527,7.932881,11.043763,-3.110882
629.180000,1,-1,drone3,15.379459,-14.667859,0.000000,container5,16.817285,-15.272632,-1.494817,-1.437826,0.604773,1.494817,2.160456,22.896543,24.443518,-1.546975
629.248000,0,-1,drone3,4.205677,-4.635546,0.000000,container1,7.312855,-5.273658,-1.543977,-3.107178,0.638112,1.543977,3.527833,7.933016,11.045367,-3.112351
629.248000,1,-1,drone3,15.379970,-14.669347,0.000000,container5,16.817505,-15.272671,-1.499875,-1.437535,0.603324,1.499875,2.163361,22.898039,24.444190,-1.546151
629.280000,0,-1,drone3,4.203949,-4.638775,0.000000,container1,7.312964,-5.273721,-1.553531,-3.109015,0.634945,1.553531,3.533071,7.933555,11.047029,-3.113474
629.280000,1,-1,drone3,15.378356,-14.669992,0.000000,container5,16.817714,-15.272716,-1.505469,-1.439358,0.602724,1.505469,2.168286,22.897359,24.444894,-1.547535
629.380000,0,-1,drone3,4.202116,-4.642208,0.000000,container1,7.313049,-5.273788,-1.563513,-3.110933,0.631581,1.563513,3.538555,7.934127,11.048746,-3.114619
629.380000,1,-1,drone3,15.380725,-14.672667,0.000000,container5,16.817910,-15.272766,-1.511586,-1.437185,0.600100,1.511586,2.170371,22.901056,24.445631,-1.544575
629.412000,0,-1,drone3,4.200676,-4.645129,0.000000,container1,7.313082,-5.273824,-1.568658,-3.112406,0.628695,1.568658,3.541612,7.934748,11.049730,-3.114982
629.412000,1,-1,drone3,15.378403,-14.674664,0.000000,container5,16.818003,-15.272794,-1.514836,-1.439600,0.598130,1.514836,2.173692,22.900689,24.446101,-1.545412
629.476000,0,-1,drone3,4.199420,-4.648922,0.000000,container1,7.313128,-5.273900,-1.579241,-3.113708,0.624979,1.579241,3.546798,7.936014,11.051529,-3.115514
629.476000,1,-1,drone3,15.377487,-14.677602,0.000000,container5,16.818177,-15.272853,-1.521711,-1.440690,0.595251,1.521711,2.178420,22.902012,24.446885,-1.544873
629.544000,0,-1,drone3,4.198419,-4.653047,0.000000,container1,7.313148,-5.273982,-1.590196,-3.114728,0.620935,1.590196,3.551875,7.937685,11.053375,-3.115690
629.544000,1,-1,drone3,15.376078,-14.679937,0.000000,container5,16.818334,-15.272918,-1.529072,-1.442257,0.592981,1.529072,2.183985,22.902578,24.447697,-1.545120
629.608000,0,-1,drone3,4.197716,-4.657497,0.000000,container1,7.313139,-5.274068,-1.601499,-3.115423,0.616572,1.601499,3.556800,7.939861,11.055342,-3.115481
629.608000,1,-1,drone3,15.373823,-14.680001,0.000000,container5,16.818474,-15.272989,-1.536902,-1.444650,0.592988,1.536902,2.191054,22.901126,24.448603,-1.547477
629.676000,0,-1,drone3,4.197256,-4.662367,0.000000,container1,7.313124,-5.274114,-1.607274,-3.115868,0.611747,1.607274,3.558960,7.942413,11.056423,-3.114010
629.676000,1,-1,drone3,15.371286,-14.677964,0.000000,container5,16.818536,-15.273026,-1.540987,-1.447251,0.595062,1.540987,2.196195,22.898070,24.449134,-1.551064
629.740000,0,-1,drone3,4.197045,-4.667367,0.000000,container1,7.313071,-5.274208,-1.619054,-3.116026,0.606842,1.619054,3.563595,7.945251,11.058379,-3.113128
629.740000,1,-1,drone3,15.368513,-14.674699,0.000000,container5,16.818647,-15.273106,-1.549488,-1.450134,0.598407,1.549488,2.204970,22.894062,24.450014,-1.555952
629.808000,0,-1,drone3,4.196962,-4.672694,0.000000,container1,7.312987,-5.274308,-1.631121,-3.116025,0.601614,1.631121,3.568208,7.948464,11.060455,-3.111991
629.808000,1,-1,drone3,15.365803,-14.672740,0.000000,container5,16.818736,-15.273191,-1.558412,-1.452933,0.600452,1.558412,2.213641,22.891004,24.450989,-1.559985
629.872000,0,-1,drone3,4.197044,-4.677728,0.000000,container1,7.312872,-5.274413,-1.643449,-3.115828,0.596686,1.643449,3.572862,7.951502,11.062396,-3.110894
629.872000,1,-1,drone3,15.362463,-14.671959,0.000000,container5,16.818803,-15.273283,-1.567741,-1.456340,0.601324,1.567741,2.222685,22.888063,24.451840,-1.563777
629.940000,0,-1,drone3,4.197933,-4.683513,0.000000,container1,7.312725,-5.274524,-1.656010,-3.114791,0.591011,1.656010,3.576813,7.955796,11.064537,-3.108741
629.940000,1,-1,drone3,15.358664,-14.671344,0.000000,container5,16.818847,-15.273380,-1.577453,-1.460183,0.602036,1.577453,2.232250,22.885021,24.452858,-1.567836
630.004000,1,-1,drone3,15.354161,-14.669780,0.000000,container5,16.818866,-15.273482,-1.587528,-1.464704,0.603702,1.587528,2.242780,22.880769,24.453818,-1.573050
630.004000,0,-1,drone3,4.200227,-4.689719,0.000000,container1,7.312545,-5.274638,-1.668779,-3.112318,0.584919,1.668779,3.579592,7.961418,11.066616,-3.105199
630.072000,1,-1,drone3,15.349377,-14.666970,0.000000,container5,16.818866,-15.273536,-1.592694,-1.469489,0.606566,1.592694,2.250332,22.875516,24.454423,-1.578907
630.072000,0,-1,drone3,4.202896,-4.695966,0.000000,container1,7.312442,-5.274698,-1.675233,-3.109546,0.578732,1.675233,3.579191,7.967381,11.067801,-3.100420
630.104000,1,-1,drone3,15.345480,-14.663918,0.000000,container5,16.818846,-15.273647,-1.603271,-1.473366,0.609729,1.603271,2.261207,22.870884,24.455490,-1.584606
630.104000,0,-1,drone3,4.205648,-4.700764,0.000000,container1,7.312211,-5.274820,-1.688263,-3.106564,0.574056,1.688263,3.581970,7.972694,11.070007,-3.097313
630.204000,1,-1,drone3,15.339466,-14.659339,0.000000,container5,16.818800,-15.273764,-1.614154,-1.479333,0.614425,1.614154,2.274080,22.863492,24.456406,-1.592914
630.204000,0,-1,drone3,4.208895,-4.710125,0.000000,container1,7.311947,-5.274946,-1.701431,-3.103051,0.564821,1.701431,3.583688,7.980809,11.072039,-3.091230
630.236000,1,-1,drone3,15.335126,-14.656454,0.000000,container5,16.818766,-15.273824,-1.619704,-1.483640,0.617370,1.619704,2.281616,22.858551,24.457034,-1.598483
630.236000,0,-1,drone3,4.210564,-4.715721,0.000000,container1,7.311802,-5.275011,-1.708059,-3.101238,0.559290,1.708059,3.584403,7.985599,11.073251,-3.087652
630.300000,1,-1,drone3,15.330236,-14.652811,0.000000,container5,16.818677,-15.273948,-1.631002,-1.488441,0.621137,1.631002,2.293782,22.852796,24.458135,-1.605339
630.300000,0,-1,drone3,4.212285,-4.723512,0.000000,container1,7.311485,-5.275143,-1.721384,-3.099200,0.551632,1.721384,3.587827,7.991766,11.075492,-3.083726
630.368000,1,-1,drone3,15.324032,-14.649180,0.000000,container5,16.818560,-15.274077,-1.642548,-1.494527,0.624898,1.642548,2.306962,22.845950,24.459157,-1.613207
630.368000,0,-1,drone3,4.213596,-4.730960,0.000000,container1,7.311134,-5.275280,-1.734777,-3.097538,0.544320,1.734777,3.591724,7.997319,11.077639,-3.080320
630.436000,1,-1,drone3,15.316945,-14.646296,0.000000,container5,16.818490,-15.274144,-1.648405,-1.501545,0.627848,1.648405,2.316478,22.838808,24.459715,-1.620907
630.436000,0,-1,drone3,4.215118,-4.737000,0.000000,container1,7.310946,-5.275349,-1.741492,-3.095827,0.538349,1.741492,3.592598,8.002166,11.078763,-3.076597
630.500000,1,-1,drone3,15.309687,-14.643708,0.000000,container5,16.818328,-15.274280,-1.660274,-1.508642,0.630571,1.660274,2.330264,22.831900,24.460835,-1.628936
630.500000,0,-1,drone3,4.215990,-4.742518,0.000000,container1,7.310543,-5.275491,-1.754936,-3.094552,0.532973,1.754936,3.597237,8.006378,11.081011,-3.074632
630.568000,1,-1,drone3,15.301613,-14.641598,0.000000,container5,16.818136,-15.274420,-1.672328,-1.516523,0.632822,1.672328,2.344565,22.824577,24.461867,-1.637290
630.568000,0,-1,drone3,4.216849,-4.747901,0.000000,container1,7.310105,-5.275636,-1.768380,-3.093255,0.527735,1.768380,3.601930,8.010415,11.083147,-3.072732
630.632000,0,-1,drone3,4.216920,-4.752521,0.000000,container1,7.309873,-5.275709,-1.775092,-3.092953,0.523188,1.775092,3.604308,8.013377,11.084371,-3.070994
630.632000,1,-1,drone3,15.293857,-14.640751,0.000000,container5,16.818028,-15.274492,-1.678415,-1.524171,0.633742,1.678415,2.354103,22.818303,24.462524,-1.644220
630.700000,0,-1,drone3,4.216750,-4.757087,0.000000,container1,7.309384,-5.275859,-1.788481,-3.092634,0.518772,1.788481,3.610010,8.016115,11.086488,-3.070373
630.700000,1,-1,drone3,15.286634,-14.639168,0.000000,container5,16.817789,-15.274639,-1.690697,-1.531156,0.635471,1.690697,2.367851,22.811982,24.463556,-1.651574
630.764000,0,-1,drone3,4.216567,-4.761358,0.000000,container1,7.308860,-5.276010,-1.801798,-3.092293,0.514652,1.801798,3.615746,8.018681,11.088584,-3.069903
630.764000,1,-1,drone3,15.278212,-14.639334,0.000000,container5,16.817519,-15.274789,-1.703099,-1.539307,0.635455,1.703099,2.381978,22.805841,24.464584,-1.658743
630.796000,0,-1,drone3,4.215650,-4.763146,0.000000,container1,7.308304,-5.276164,-1.815017,-3.092654,0.513018,1.815017,3.622427,8.019346,11.090766,-3.071420
630.796000,1,-1,drone3,15.272116,-14.640253,0.000000,container5,16.817218,-15.274943,-1.715596,-1.545101,0.634690,1.715596,2.394460,22.802078,24.465703,-1.663624
630.896000,0,-1,drone3,4.215972,-4.770838,0.000000,container1,7.307714,-5.276319,-1.828109,-3.091741,0.505482,1.828109,3.627170,8.024273,11.092808,-3.068535
630.896000,1,-1,drone3,15.260005,-14.641597,0.000000,container5,16.816885,-15.275100,-1.728159,-1.556880,0.633502,1.728159,2.410754,22.793832,24.466717,-1.672884
630.928000,0,-1,drone3,4.216403,-4.773727,0.000000,container1,7.307407,-5.276398,-1.834599,-3.091003,0.502671,1.834599,3.629426,8.026473,11.093873,-3.067399
630.928000,1,-1,drone3,15.253267,-14.642929,0.000000,container5,16.816706,-15.275179,-1.734459,-1.563439,0.632250,1.734459,2.419179,22.789649,24.467269,-1.677620
630.996000,0,-1,drone3,4.217211,-4.779368,0.000000,container1,7.306769,-5.276555,-1.847452,-3.089557,0.497188,1.847452,3.633956,8.030756,11.095976,-3.065219
630.996000,1,-1,drone3,15.246050,-14.643341,0.000000,container5,16.816326,-15.275340,-1.747075,-1.570276,0.631999,1.747075,2.432583,22.784712,24.468367,-1.683654
631.060000,0,-1,drone3,4.217956,-4.787115,0.000000,container1,7.306099,-5.276714,-1.860111,-3.088144,0.489599,1.860111,3.638180,8.036079,11.097922,-3.061843
631.060000,1,-1,drone3,15.239550,-14.641714,0.000000,container5,16.815914,-15.275503,-1.759694,-1.576364,0.633789,1.759694,2.446045,22.778946,24.469350,-1.690404
631.128000,0,-1,drone3,4.218370,-4.794922,0.000000,container1,7.305753,-5.276793,-1.866360,-3.087383,0.481872,1.866360,3.639703,8.041170,11.099052,-3.057882
631.128000,1,-1,drone3,15.232565,-14.640507,0.000000,container5,16.815696,-15.275585,-1.765997,-1.583131,0.635078,1.765997,2.455274,22.773073,24.469989,-1.696916
631.192000,0,-1,drone3,4.218691,-4.801286,0.000000,container1,7.304671,-5.277032,-1.884747,-3.085980,0.475746,1.884747,3.647174,8.045480,11.101786,-3.056307
631.192000,1,-1,drone3,15.225985,-14.638455,0.000000,container5,16.814997,-15.275834,-1.784836,-1.589012,0.637379,1.784836,2.473227,22.767081,24.471368,-1.704287
631.260000,1,-1,drone3,15.219210,-14.635678,0.000000,container5,16.814748,-15.275918,-1.791082,-1.595538,0.640240,1.791082,2.482665,22.760381,24.471989,-1.711608
631.260000,0,-1,drone3,4.217722,-4.808105,0.000000,container1,7.304295,-5.277112,-1.890746,-3.086574,0.469008,1.890746,3.649907,8.048882,11.102866,-3.053983
631.324000,1,-1,drone3,15.213533,-14.632566,0.000000,container5,16.814229,-15.276085,-1.803505,-1.600696,0.643519,1.803505,2.495792,22.754320,24.472906,-1.718586
631.324000,0,-1,drone3,4.216164,-4.814525,0.000000,container1,7.303524,-5.277271,-1.902529,-3.087360,0.462746,1.902529,3.655891,8.051581,11.104628,-3.053048
631.392000,1,-1,drone3,15.204856,-14.629559,0.000000,container5,16.813679,-15.276254,-1.815815,-1.608823,0.646695,1.815815,2.510719,22.746107,24.473903,-1.727796
631.392000,0,-1,drone3,4.213561,-4.820645,0.000000,container1,7.302725,-5.277430,-1.914007,-3.089164,0.456785,1.914007,3.662651,8.053363,11.106446,-3.053083
631.456000,1,-1,drone3,15.196460,-14.626416,0.000000,container5,16.813393,-15.276338,-1.821920,-1.616933,0.649922,1.821920,2.521163,22.737822,24.474391,-1.736569
631.456000,0,-1,drone3,4.210527,-4.825794,0.000000,container1,7.302317,-5.277508,-1.919624,-3.091790,0.451714,1.919624,3.667174,8.054024,11.107330,-3.053306
631.492000,1,-1,drone3,15.190612,-14.624774,0.000000,container5,16.812800,-15.276507,-1.834013,-1.622188,0.651733,1.834013,2.533743,22.732664,24.475348,-1.742684
631.492000,0,-1,drone3,4.208187,-4.828014,0.000000,container1,7.301480,-5.277665,-1.930601,-3.093293,0.449651,1.930601,3.673945,8.053806,11.109044,-3.055238
631.588000,1,-1,drone3,15.178873,-14.620697,0.000000,container5,16.812179,-15.276675,-1.845931,-1.633305,0.655978,1.845931,2.550579,22.721201,24.476067,-1.754866
631.588000,0,-1,drone3,4.206322,-4.833869,0.000000,container1,7.300620,-5.277820,-1.941217,-3.094298,0.443951,1.941217,3.679687,8.055837,11.110449,-3.054612
631.620000,1,-1,drone3,15.173387,-14.619356,0.000000,container5,16.811858,-15.276758,-1.851817,-1.638471,0.657402,1.851817,2.558513,22.716412,24.476622,-1.760210
631.620000,0,-1,drone3,4.205708,-4.834498,0.000000,container1,7.300182,-5.277897,-1.946383,-3.094474,0.443399,1.946383,3.682496,8.056020,11.111358,-3.055338
631.688000,1,-1,drone3,15.163310,-14.617066,0.000000,container5,16.811195,-15.276925,-1.863428,-1.647886,0.659859,1.863428,2.573578,22.707469,24.477397,-1.769928
631.688000,0,-1,drone3,4.205884,-4.838485,0.000000,container1,7.299288,-5.278049,-1.956417,-3.093405,0.439564,1.956417,3.686453,8.058770,11.112762,-3.053992
631.756000,1,-1,drone3,15.152786,-14.614957,0.000000,container5,16.810854,-15.277008,-1.869147,-1.658068,0.662051,1.869147,2.584804,22.698195,24.477824,-1.779629
631.756000,0,-1,drone3,4.207021,-4.843170,0.000000,container1,7.298834,-5.278125,-1.961281,-3.091813,0.434955,1.961281,3.687156,8.062599,11.113491,-3.050892
631.788000,1,-1,drone3,15.146763,-14.613834,0.000000,container5,16.810154,-15.277172,-1.880399,-1.663390,0.663338,1.880399,2.596687,22.693230,24.478649,-1.785419
631.788000,0,-1,drone3,4.208018,-4.844883,0.000000,container1,7.297910,-5.278273,-1.970690,-3.089892,0.433390,1.970690,3.690376,8.064832,11.114884,-3.050053
631.852000,1,-1,drone3,15.139876,-14.611489,0.000000,container5,16.809428,-15.277335,-1.891383,-1.669552,0.665846,1.891383,2.609230,22.686719,24.479334,-1.792615
631.852000,0,-1,drone3,4.209815,-4.848800,0.000000,container1,7.296969,-5.278419,-1.979658,-3.087153,0.429619,1.979658,3.692443,8.068870,11.116071,-3.047201
631.920000,1,-1,drone3,15.135618,-14.607612,0.000000,container5,16.809056,-15.277415,-1.896767,-1.673439,0.669803,1.896767,2.616631,22.681270,24.479815,-1.798545
631.920000,0,-1,drone3,4.211859,-4.852317,0.000000,container1,7.296492,-5.278490,-1.983971,-3.084632,0.426174,1.983971,3.692252,8.072882,11.116804,-3.043922
631.984000,1,-1,drone3,15.134992,-14.601946,0.000000,container5,16.807907,-15.277652,-1.912463,-1.672916,0.675705,1.912463,2.629209,22.677496,24.480586,-1.803090
631.984000,0,-1,drone3,4.214079,-4.855066,0.000000,container1,7.295037,-5.278700,-1.996205,-3.080958,0.423634,1.996205,3.695484,8.076597,11.118165,-3.041568
632.052000,1,-1,drone3,15.133954,-14.596410,0.000000,container5,16.807514,-15.277729,-1.917533,-1.673559,0.681319,1.917533,2.634754,22.673484,24.481025,-1.807540
632.052000,0,-1,drone3,4.215597,-4.858584,0.000000,container1,7.294544,-5.278768,-2.000041,-3.078947,0.420184,2.000041,3.695488,8.080175,11.118799,-3.038625
632.084000,1,-1,drone3,15.135196,-14.590992,0.000000,container5,16.807114,-15.277806,-1.922518,-1.671919,0.686813,1.922518,2.638769,22.671310,24.481451,-1.810141
632.084000,0,-1,drone3,4.216564,-4.860022,0.000000,container1,7.294049,-5.278835,-2.003753,-3.077485,0.418813,2.003753,3.696125,8.082108,11.119407,-3.037299
632.152000,1,-1,drone3,15.132250,-14.584971,0.000000,container5,16.806302,-15.277956,-1.932223,-1.674051,0.692985,1.932223,2.648804,22.665513,24.481970,-1.816457
632.152000,0,-1,drone3,4.217497,-4.864018,0.000000,container1,7.293049,-5.278966,-2.010796,-3.075552,0.414948,2.010796,3.697905,8.085476,11.120204,-3.034728
632.216000,1,-1,drone3,15.128178,-14.581577,0.000000,container5,16.805470,-15.278103,-1.941561,-1.677292,0.696526,1.941561,2.658593,22.660504,24.482443,-1.821939
632.216000,0,-1,drone3,4.218231,-4.866936,0.000000,container1,7.292039,-5.279092,-2.017324,-3.073807,0.412156,2.017324,3.699697,8.088062,11.120899,-3.032837
632.284000,1,-1,drone3,15.125439,-14.578646,0.000000,container5,16.804620,-15.278245,-1.950513,-1.679181,0.699599,1.950513,2.667132,22.656915,24.482969,-1.826054
632.284000,0,-1,drone3,4.218024,-4.869568,0.000000,container1,7.291019,-5.279214,-2.023323,-3.072995,0.409646,2.023323,3.702019,8.089813,11.121598,-3.031785
632.348000,1,-1,drone3,15.122293,-14.575320,0.000000,container5,16.804189,-15.278315,-1.954839,-1.681896,0.702994,1.954839,2.672896,22.652471,24.483116,-1.830645
632.348000,0,-1,drone3,4.217653,-4.872435,0.000000,container1,7.290506,-5.279273,-2.026121,-3.072853,0.406838,2.026121,3.703121,8.091256,11.121797,-3.030541
632.380000,1,-1,drone3,15.121017,-14.573654,0.000000,container5,16.803316,-15.278450,-1.963182,-1.682300,0.704796,1.963182,2.679730,22.650808,24.483568,-1.832760
632.380000,0,-1,drone3,4.216559,-4.873749,0.000000,container1,7.289476,-5.279387,-2.031307,-3.072916,0.405638,2.031307,3.705883,8.091519,11.122333,-3.030814
632.480000,1,-1,drone3,15.111802,-14.568900,0.000000,container5,16.802428,-15.278581,-1.971099,-1.690627,0.709681,1.971099,2.692043,22.640948,24.483875,-1.842927
632.480000,0,-1,drone3,4.216195,-4.879789,0.000000,container1,7.288440,-5.279496,-2.035941,-3.072245,0.399707,2.035941,3.707224,8.094988,11.122650,-3.027662
632.512000,1,-1,drone3,15.107676,-14.566594,0.000000,container5,16.801980,-15.278644,-1.974893,-1.694304,0.712050,1.974893,2.697755,22.636574,24.484152,-1.847577
632.512000,0,-1,drone3,4.215873,-4.881609,0.000000,container1,7.287920,-5.279549,-2.038047,-3.072047,0.397939,2.038047,3.708028,8.096067,11.122927,-3.026861
632.580000,1,-1,drone3,15.099950,-14.562490,0.000000,container5,16.801073,-15.278767,-1.982144,-1.701123,0.716276,1.982144,2.708462,22.628273,24.484383,-1.856110
632.580000,0,-1,drone3,4.215712,-4.886177,0.000000,container1,7.286879,-5.279650,-2.041837,-3.071167,0.393473,2.041837,3.708906,8.098854,11.123077,-3.024224
632.644000,1,-1,drone3,15.092900,-14.560178,0.000000,container5,16.800616,-15.278826,-1.985598,-1.707717,0.718647,1.985598,2.715759,22.621535,24.484526,-1.862990
632.644000,0,-1,drone3,4.215518,-4.890441,0.000000,container1,7.286358,-5.279698,-2.043518,-3.070840,0.389257,2.043518,3.709116,8.101340,11.123163,-3.021823
632.680000,1,-1,drone3,15.089235,-14.559097,0.000000,container5,16.799694,-15.278940,-1.992154,-1.710459,0.719843,1.992154,2.722595,22.618286,24.484681,-1.866395
632.680000,0,-1,drone3,4.214803,-4.892693,0.000000,container1,7.285315,-5.279790,-2.046449,-3.070511,0.387097,2.046449,3.710234,8.102340,11.123146,-3.020806
632.744000,1,-1,drone3,15.082123,-14.557041,0.000000,container5,16.799230,-15.278994,-1.995254,-1.717106,0.721954,1.995254,2.729599,22.611749,24.484875,-1.873126
632.744000,0,-1,drone3,4.213871,-4.896137,0.000000,container1,7.284793,-5.279834,-2.047699,-3.070922,0.383697,2.047699,3.710911,8.103844,11.123249,-3.019405
632.808000,1,-1,drone3,15.073220,-14.555518,0.000000,container5,16.797825,-15.279149,-2.003824,-1.724606,0.723631,2.003824,2.741025,22.604248,24.484926,-1.880678
632.808000,0,-1,drone3,4.213473,-4.899584,0.000000,container1,7.283232,-5.279956,-2.050579,-3.069759,0.380372,2.050579,3.711196,8.105878,11.122878,-3.017000
632.876000,1,-1,drone3,15.063434,-14.554618,0.000000,container5,16.797354,-15.279197,-2.006434,-1.733920,0.724579,2.006434,2.749049,22.596369,24.485065,-1.888696
632.876000,0,-1,drone3,4.213222,-4.903845,0.000000,container1,7.282713,-5.279994,-2.051248,-3.069491,0.376148,2.051248,3.710914,8.108405,11.122865,-3.014460
632.944000,1,-1,drone3,15.053494,-14.554359,0.000000,container5,16.796407,-15.279289,-2.011276,-1.742913,0.724930,2.011276,2.758351,22.588774,24.485037,-1.896263
632.944000,0,-1,drone3,4.212818,-4.908431,0.000000,container1,7.281678,-5.280064,-2.052150,-3.068860,0.371633,2.052150,3.710436,8.110991,11.122457,-3.011466
633.008000,1,-1,drone3,15.046726,-14.553410,0.000000,container5,16.795457,-15.279373,-2.015609,-1.748731,0.725963,2.015609,2.765459,22.583277,24.485044,-1.901767
633.008000,0,-1,drone3,4.212757,-4.912913,0.000000,container1,7.280649,-5.280128,-2.052471,-3.067892,0.367215,2.052471,3.709373,8.113885,11.122036,-3.008151
633.076000,0,-1,drone3,4.213087,-4.917541,0.000000,container1,7.279626,-5.280186,-2.052210,-3.066540,0.362645,2.052210,3.707660,8.117091,11.121409,-3.004318
633.076000,1,-1,drone3,15.049050,-14.553551,0.000000,container5,16.794504,-15.279451,-2.019426,-1.745454,0.725900,2.019426,2.766157,22.585413,24.484913,-1.899499
633.140000,1,-1,drone3,15.054547,-14.553518,0.000000,container5,16.793550,-15.279522,-2.022723,-1.739004,0.726004,2.022723,2.764529,22.589890,24.484730,-1.894841
633.140000,0,-1,drone3,4.213416,-4.922164,0.000000,container1,7.278612,-5.280237,-2.051372,-3.065196,0.358073,2.051372,3.705640,8.120290,11.120676,-3.000386
633.204000,1,-1,drone3,15.060696,-14.555177,0.000000,container5,16.792596,-15.279585,-2.025494,-1.731900,0.724408,2.025494,2.761679,22.596021,24.484579,-1.888558
633.204000,0,-1,drone3,4.213883,-4.926630,0.000000,container1,7.277606,-5.280281,-2.049960,-3.063723,0.353651,2.049960,3.703216,8.123596,11.119931,-2.996335
633.272000,1,-1,drone3,15.065612,-14.555792,0.000000,container5,16.792120,-15.279614,-2.026681,-1.726508,0.723822,2.026681,2.759018,22.600453,24.484565,-1.884112
633.272000,0,-1,drone3,4.214488,-4.930522,0.000000,container1,7.277107,-5.280300,-2.049040,-3.062619,0.349778,2.049040,3.701425,8.126594,11.119610,-2.993017
633.340000,1,-1,drone3,15.070817,-14.555851,0.000000,container5,16.791169,-15.279666,-2.028658,-1.720352,0.723815,2.028658,2.756623,22.604753,24.484255,-1.879502
633.340000,0,-1,drone3,4.215133,-4.933876,0.000000,container1,7.276118,-5.280335,-2.046777,-3.060985,0.346459,2.046777,3.698508,8.129309,11.118618,-2.989308
633.404000,1,-1,drone3,15.074599,-14.554504,0.000000,container5,16.790221,-15.279711,-2.030104,-1.715622,0.725207,2.030104,2.755105,22.607137,24.483974,-1.876838
633.404000,0,-1,drone3,4.215859,-4.937253,0.000000,container1,7.275140,-5.280362,-2.043954,-3.059281,0.343109,2.043954,3.695223,8.132185,11.117615,-2.985430
633.472000,1,-1,drone3,15.076906,-14.551871,0.000000,container5,16.789278,-15.279748,-2.031018,-1.712373,0.727877,2.031018,2.754461,22.607407,24.483489,-1.876082
633.472000,0,-1,drone3,4.216498,-4.940586,0.000000,container1,7.274176,-5.280383,-2.040580,-3.057677,0.339797,2.040580,3.691723,8.134798,11.116340,-2.981542
633.536000,1,-1,drone3,15.078218,-14.549124,0.000000,container5,16.788341,-15.279778,-2.031401,-1.710123,0.730654,2.031401,2.754081,22.606985,24.483111,-1.876126
633.536000,0,-1,drone3,4.217588,-4.943056,0.000000,container1,7.273225,-5.280397,-2.036663,-3.055637,0.337341,2.036663,3.687643,8.137437,11.115147,-2.977710
633.600000,1,-1,drone3,15.080510,-14.547433,0.000000,container5,16.787875,-15.279790,-2.031393,-1.707365,0.732357,2.031393,2.752817,22.607838,24.482904,-1.875066
633.600000,0,-1,drone3,4.218499,-4.945033,0.000000,container1,7.272755,-5.280401,-2.034505,-3.054256,0.335369,2.034505,3.685127,8.139483,11.114516,-2.975033
633.636000,1,-1,drone3,15.081853,-14.547517,0.000000,container5,16.786948,-15.279808,-2.030984,-1.705095,0.732291,2.030984,2.751089,22.609153,24.482380,-1.873227
633.636000,0,-1,drone3,4.219172,-4.945128,0.000000,container1,7.271827,-5.280406,-2.029794,-3.052655,0.335277,2.029794,3.681192,8.140323,11.113103,-2.972780
633.700000,1,-1,drone3,15.082146,-14.545279,0.000000,container5,16.786488,-15.279814,-2.030582,-1.704343,0.734535,2.030582,2.750925,22.608255,24.482286,-1.874032
633.700000,0,-1,drone3,4.219864,-4.946669,0.000000,container1,7.271369,-5.280405,-2.027244,-3.051505,0.333736,2.027244,3.678693,8.142090,11.112574,-2.970484
633.768000,1,-1,drone3,15.080949,-14.543104,0.000000,container5,16.785575,-15.279821,-2.029386,-1.704626,0.736717,2.029386,2.750802,22.606167,24.481695,-1.875527
633.768000,0,-1,drone3,4.220333,-4.946931,0.000000,container1,7.270466,-5.280399,-2.021765,-3.050134,0.333469,2.021765,3.674514,8.142852,11.111034,-2.968182
633.832000,1,-1,drone3,15.080015,-14.541249,0.000000,container5,16.785122,-15.279821,-2.028595,-1.705108,0.738572,2.028595,2.751014,22.604341,24.481347,-1.877006
633.832000,0,-1,drone3,4.220268,-4.946330,0.000000,container1,7.270021,-5.280394,-2.018839,-3.049753,0.334064,2.018839,3.672643,8.142528,11.110194,-2.967666
633.868000,1,-1,drone3,15.079558,-14.540334,0.000000,container5,16.784672,-15.279820,-2.027674,-1.705114,0.739486,2.027674,2.750584,22.603480,24.480989,-1.877509
633.868000,0,-1,drone3,4.220175,-4.944436,0.000000,container1,7.269580,-5.280387,-2.015791,-3.049405,0.335951,2.015791,3.670851,8.141432,11.109335,-2.967903
