stamp_ns,node_ns,raw_total_cum,pruned_total_cum,active_tracks,raw_classes_cum,pruned_classes_cum,raw_total_cum_drone1,pruned_total_cum_drone1,raw_classes_cum_drone1,pruned_classes_cum_drone1,raw_total_cum_drone2,pruned_total_cum_drone2,raw_classes_cum_drone2,pruned_classes_cum_drone2,raw_total_cum_drone3,pruned_total_cum_drone3,raw_classes_cum_drone3,pruned_classes_cum_drone3
0,/,0,0,0,"","",0,0,"","",0,0,"","",0,0,"",""
0,/,0,0,0,"","",0,0,"","",0,0,"","",0,0,"",""
528232000000,/,0,0,0,"","",0,0,"","",0,0,"","",0,0,"",""
528544000000,/,0,0,0,"","",0,0,"","",0,0,"","",0,0,"",""
528800000000,/,0,0,0,"","",0,0,"","",0,0,"","",0,0,"",""
529188000000,/,10,0,2,"3:container4=5;4:container5=5","",0,0,"","",10,0,"3:container4=5;4:container5=5","",0,0,"",""
529592000000,/,23,0,2,"3:container4=11;4:container5=12","",2,0,"4:container5=2","",20,0,"3:container4=10;4:container5=10","",1,0,"3:container4=1",""
530072000000,/,43,0,2,"3:container4=21;4:container5=22","",7,0,"4:container5=7","",30,0,"3:container4=15;4:container5=15","",6,0,"3:container4=6",""
530560000000,/,63,0,2,"3:container4=31;4:container5=32","",12,0,"4:container5=12","",40,0,"3:container4=20;4:container5=20","",11,0,"3:container4=11",""
530972000000,/,83,0,2,"3:container4=41;4:container5=42","",17,0,"4:container5=17","",50,0,"3:container4=25;4:container5=25","",16,0,"3:container4=16",""
531400000000,/,103,0,2,"3:container4=51;4:container5=52","",22,0,"4:container5=22","",60,0,"3:container4=30;4:container5=30","",21,0,"3:container4=21",""
531796000000,/,123,0,2,"3:container4=61;4:container5=62","",27,0,"4:container5=27","",70,0,"3:container4=35;4:container5=35","",26,0,"3:container4=26",""
532192000000,/,143,0,2,"3:container4=71;4:container5=72","",32,0,"4:container5=32","",80,0,"3:container4=40;4:container5=40","",31,0,"3:container4=31",""
532600000000,/,163,0,2,"3:container4=81;4:container5=82","",37,0,"4:container5=37","",90,0,"3:container4=45;4:container5=45","",36,0,"3:container4=36",""
532984000000,/,183,0,2,"3:container4=91;4:container5=92","",42,0,"4:container5=42","",100,0,"3:container4=50;4:container5=50","",41,0,"3:container4=41",""
533384000000,/,203,0,2,"3:container4=101;4:container5=102","",47,0,"4:container5=47","",110,0,"3:container4=55;4:container5=55","",46,0,"3:container4=46",""
533788000000,/,223,0,2,"3:container4=111;4:container5=112","",52,0,"4:container5=52","",120,0,"3:container4=60;4:container5=60","",51,0,"3:container4=51",""
534200000000,/,243,0,2,"3:container4=121;4:container5=122","",57,0,"4:container5=57","",130,0,"3:container4=65;4:container5=65","",56,0,"3:container4=56",""
534600000000,/,263,0,2,"3:container4=131;4:container5=132","",62,0,"4:container5=62","",140,0,"3:container4=70;4:container5=70","",61,0,"3:container4=61",""
534996000000,/,283,0,2,"3:container4=141;4:container5=142","",67,0,"4:container5=67","",150,0,"3:container4=75;4:container5=75","",66,0,"3:container4=66",""
535388000000,/,303,0,2,"3:container4=151;4:container5=152","",72,0,"4:container5=72","",160,0,"3:container4=80;4:container5=80","",71,0,"3:container4=71",""
535792000000,/,323,0,2,"3:container4=161;4:container5=162","",77,0,"4:container5=77","",170,0,"3:container4=85;4:container5=85","",76,0,"3:container4=76",""
536184000000,/,343,0,2,"3:container4=171;4:container5=172","",82,0,"4:container5=82","",180,0,"3:container4=90;4:container5=90","",81,0,"3:container4=81",""
536580000000,/,363,0,2,"3:container4=181;4:container5=182","",87,0,"4:container5=87","",190,0,"3:container4=95;4:container5=95","",86,0,"3:container4=86",""
536980000000,/,383,0,2,"3:container4=191;4:container5=192","",92,0,"4:container5=92","",200,0,"3:container4=100;4:container5=100","",91,0,"3:container4=91",""
537328000000,/,403,0,2,"3:container4=201;4:container5=202","",97,0,"4:container5=97","",210,0,"3:container4=105;4:container5=105","",96,0,"3:container4=96",""
537700000000,/,423,0,2,"3:container4=211;4:container5=212","",102,0,"4:container5=102","",220,0,"3:container4=110;4:container5=110","",101,0,"3:container4=101",""
538100000000,/,443,0,2,"3:container4=221;4:container5=222","",107,0,"4:container5=107","",230,0,"3:container4=115;4:container5=115","",106,0,"3:container4=106",""
538364000000,/,463,0,2,"3:container4=231;4:container5=232","",112,0,"4:container5=112","",240,0,"3:container4=120;4:container5=120","",111,0,"3:container4=111",""
538596000000,/,483,0,2,"3:container4=241;4:container5=242","",117,0,"4:container5=117","",250,0,"3:container4=125;4:container5=125","",116,0,"3:container4=116",""
538800000000,/,503,0,2,"3:container4=251;4:container5=252","",122,0,"4:container5=122","",260,0,"3:container4=130;4:container5=130","",121,0,"3:container4=121",""
539012000000,/,523,0,2,"3:container4=261;4:container5=262","",127,0,"4:container5=127","",270,0,"3:container4=135;4:container5=135","",126,0,"3:container4=126",""
539256000000,/,543,0,2,"3:container4=271;4:container5=272","",132,0,"4:container5=132","",280,0,"3:container4=140;4:container5=140","",131,0,"3:container4=131",""
539488000000,/,563,0,2,"3:container4=281;4:container5=282","",137,0,"4:container5=137","",290,0,"3:container4=145;4:container5=145","",136,0,"3:container4=136",""
539800000000,/,583,0,2,"3:container4=291;4:container5=292","",142,0,"4:container5=142","",300,0,"3:container4=150;4:container5=150","",141,0,"3:container4=141",""
540164000000,/,603,0,2,"3:container4=301;4:container5=302","",147,0,"4:container5=147","",310,0,"3:container4=155;4:container5=155","",146,0,"3:container4=146",""
540476000000,/,623,0,2,"3:container4=311;4:container5=312","",152,0,"4:container5=152","",320,0,"3:container4=160;4:container5=160","",151,0,"3:container4=151",""
540872000000,/,643,0,2,"3:container4=321;4:container5=322","",157,0,"4:container5=157","",330,0,"3:container4=165;4:container5=165","",156,0,"3:container4=156",""
541300000000,/,663,0,2,"3:container4=331;4:container5=332","",162,0,"4:container5=162","",340,0,"3:container4=170;4:container5=170","",161,0,"3:container4=161",""
541696000000,/,683,0,2,"3:container4=341;4:container5=342","",167,0,"4:container5=167","",350,0,"3:container4=175;4:container5=175","",166,0,"3:container4=166",""
542100000000,/,703,0,2,"3:container4=351;4:container5=352","",172,0,"4:container5=172","",360,0,"3:container4=180;4:container5=180","",171,0,"3:container4=171",""
542456000000,/,723,0,2,"3:container4=361;4:container5=362","",177,0,"4:container5=177","",370,0,"3:container4=185;4:container5=185","",176,0,"3:container4=176",""
542760000000,/,743,0,2,"3:container4=371;4:container5=372","",182,0,"4:container5=182","",380,0,"3:container4=190;4:container5=190","",181,0,"3:container4=181",""
543100000000,/,763,0,2,"3:container4=381;4:container5=382","",187,0,"4:container5=187","",390,0,"3:container4=195;4:container5=195","",186,0,"3:container4=186",""
543368000000,/,783,0,2,"3:container4=391;4:container5=392","",192,0,"4:container5=192","",400,0,"3:container4=200;4:container5=200","",191,0,"3:container4=191",""
543600000000,/,799,0,2,"3:container4=399;4:container5=400","",196,0,"4:container5=196","",408,0,"3:container4=204;4:container5=204","",195,0,"3:container4=195",""
543844000000,/,823,0,2,"3:container4=411;4:container5=412","",202,0,"4:container5=202","",420,0,"3:container4=210;4:container5=210","",201,0,"3:container4=201",""
544100000000,/,843,0,2,"3:container4=421;4:container5=422","",207,0,"4:container5=207","",430,0,"3:container4=215;4:container5=215","",206,0,"3:container4=206",""
544300000000,/,859,0,2,"3:container4=429;4:container5=430","",211,0,"4:container5=211","",438,0,"3:container4=219;4:container5=219","",210,0,"3:container4=210",""
544536000000,/,883,0,2,"3:container4=441;4:container5=442","",217,0,"4:container5=217","",450,0,"3:container4=225;4:container5=225","",216,0,"3:container4=216",""
544776000000,/,903,0,2,"3:container4=451;4:container5=452","",222,0,"4:container5=222","",460,0,"3:container4=230;4:container5=230","",221,0,"3:container4=221",""
545064000000,/,923,0,2,"3:container4=461;4:container5=462","",227,0,"4:container5=227","",470,0,"3:container4=235;4:container5=235","",226,0,"3:container4=226",""
545456000000,/,943,0,2,"3:container4=471;4:container5=472","",232,0,"4:container5=232","",480,0,"3:container4=240;4:container5=240","",231,0,"3:container4=231",""
545696000000,/,963,0,2,"3:container4=481;4:container5=482","",237,0,"4:container5=237","",490,0,"3:container4=245;4:container5=245","",236,0,"3:container4=236",""
546052000000,/,983,0,2,"3:container4=491;4:container5=492","",242,0,"4:container5=242","",500,0,"3:container4=250;4:container5=250","",241,0,"3:container4=241",""
546420000000,/,1003,0,2,"3:container4=501;4:container5=502","",247,0,"4:container5=247","",510,0,"3:container4=255;4:container5=255","",246,0,"3:container4=246",""
546800000000,/,1023,0,2,"3:container4=511;4:container5=512","",252,0,"4:container5=252","",520,0,"3:container4=260;4:container5=260","",251,0,"3:container4=251",""
547200000000,/,1043,0,2,"3:container4=521;4:container5=522","",257,0,"4:container5=257","",530,0,"3:container4=265;4:container5=265","",256,0,"3:container4=256",""
547604000000,/,1063,0,2,"3:container4=531;4:container5=532","",262,0,"4:container5=262","",540,0,"3:container4=270;4:container5=270","",261,0,"3:container4=261",""
548012000000,/,1079,0,2,"3:container4=539;4:container5=540","",266,0,"4:container5=266","",548,0,"3:container4=274;4:container5=274","",265,0,"3:container4=265",""
548412000000,/,1103,0,2,"3:container4=551;4:container5=552","",272,0,"4:container5=272","",560,0,"3:container4=280;4:container5=280","",271,0,"3:container4=271",""
548848000000,/,1123,0,2,"3:container4=561;4:container5=562","",277,0,"4:container5=277","",570,0,"3:container4=285;4:container5=285","",276,0,"3:container4=276",""
549204000000,/,1143,0,2,"3:container4=571;4:container5=572","",282,0,"4:container5=282","",580,0,"3:container4=290;4:container5=290","",281,0,"3:container4=281",""
549456000000,/,1163,0,2,"3:container4=581;4:container5=582","",287,0,"4:container5=287","",590,0,"3:container4=295;4:container5=295","",286,0,"3:container4=286",""
549700000000,/,1183,0,2,"3:container4=591;4:container5=592","",292,0,"4:container5=292","",600,0,"3:container4=300;4:container5=300","",291,0,"3:container4=291",""
549912000000,/,1203,0,2,"3:container4=601;4:container5=602","",297,0,"4:container5=297","",610,0,"3:container4=305;4:container5=305","",296,0,"3:container4=296",""
550172000000,/,1223,0,2,"3:container4=611;4:container5=612","",302,0,"4:container5=302","",620,0,"3:container4=310;4:container5=310","",301,0,"3:container4=301",""
550400000000,/,1243,0,2,"3:container4=621;4:container5=622","",307,0,"4:container5=307","",630,0,"3:container4=315;4:container5=315","",306,0,"3:container4=306",""
550612000000,/,1263,0,2,"3:container4=631;4:container5=632","",312,0,"4:container5=312","",640,0,"3:container4=320;4:container5=320","",311,0,"3:container4=311",""
550904000000,/,1279,0,2,"3:container4=639;4:container5=640","",316,0,"4:container5=316","",648,0,"3:container4=324;4:container5=324","",315,0,"3:container4=315",""
551296000000,/,1303,0,2,"3:container4=651;4:container5=652","",322,0,"4:container5=322","",660,0,"3:container4=330;4:container5=330","",321,0,"3:container4=321",""
551572000000,/,1323,0,2,"3:container4=661;4:container5=662","",327,0,"4:container5=327","",670,0,"3:container4=335;4:container5=335","",326,0,"3:container4=326",""
551972000000,/,1343,0,2,"3:container4=671;4:container5=672","",332,0,"4:container5=332","",680,0,"3:container4=340;4:container5=340","",331,0,"3:container4=331",""
552356000000,/,1363,0,2,"3:container4=681;4:container5=682","",337,0,"4:container5=337","",690,0,"3:container4=345;4:container5=345","",336,0,"3:container4=336",""
552628000000,/,1383,0,2,"3:container4=691;4:container5=692","",342,0,"4:container5=342","",700,0,"3:container4=350;4:container5=350","",341,0,"3:container4=341",""
553016000000,/,1403,0,2,"3:container4=701;4:container5=702","",347,0,"4:container5=347","",710,0,"3:container4=355;4:container5=355","",346,0,"3:container4=346",""
553444000000,/,1423,0,2,"3:container4=711;4:container5=712","",352,0,"4:container5=352","",720,0,"3:container4=360;4:container5=360","",351,0,"3:container4=351",""
553860000000,/,1443,0,2,"3:container4=721;4:container5=722","",357,0,"4:container5=357","",730,0,"3:container4=365;4:container5=365","",356,0,"3:container4=356",""
554204000000,/,1463,0,2,"3:container4=731;4:container5=732","",362,0,"4:container5=362","",740,0,"3:container4=370;4:container5=370","",361,0,"3:container4=361",""
554500000000,/,1483,0,2,"3:container4=741;4:container5=742","",367,0,"4:container5=367","",750,0,"3:container4=375;4:container5=375","",366,0,"3:container4=366",""
554728000000,/,1503,0,2,"3:container4=751;4:container5=752","",372,0,"4:container5=372","",760,0,"3:container4=380;4:container5=380","",371,0,"3:container4=371",""
554964000000,/,1523,0,2,"3:container4=761;4:container5=762","",377,0,"4:container5=377","",770,0,"3:container4=385;4:container5=385","",376,0,"3:container4=376",""
555188000000,/,1543,0,2,"3:container4=771;4:container5=772","",382,0,"4:container5=382","",780,0,"3:container4=390;4:container5=390","",381,0,"3:container4=381",""
555400000000,/,1563,0,2,"3:container4=781;4:container5=782","",387,0,"4:container5=387","",790,0,"3:container4=395;4:container5=395","",386,0,"3:container4=386",""
555600000000,/,1583,0,2,"3:container4=791;4:container5=792","",392,0,"4:container5=392","",800,0,"3:container4=400;4:container5=400","",391,0,"3:container4=391",""
555800000000,/,1603,0,2,"3:container4=801;4:container5=802","",397,0,"4:container5=397","",810,0,"3:container4=405;4:container5=405","",396,0,"3:container4=396",""
556160000000,/,1623,0,2,"3:container4=811;4:container5=812","",402,0,"4:container5=402","",820,0,"3:container4=410;4:container5=410","",401,0,"3:container4=401",""
556524000000,/,1643,0,2,"3:container4=821;4:container5=822","",407,0,"4:container5=407","",830,0,"3:container4=415;4:container5=415","",406,0,"3:container4=406",""
556940000000,/,1663,0,2,"3:container4=831;4:container5=832","",412,0,"4:container5=412","",840,0,"3:container4=420;4:container5=420","",411,0,"3:container4=411",""
557348000000,/,1683,0,2,"3:container4=841;4:container5=842","",417,0,"4:container5=417","",850,0,"3:container4=425;4:container5=425","",416,0,"3:container4=416",""
557756000000,/,1703,0,2,"3:container4=851;4:container5=852","",422,0,"4:container5=422","",860,0,"3:container4=430;4:container5=430","",421,0,"3:container4=421",""
558160000000,/,1723,0,2,"3:container4=861;4:container5=862","",427,0,"4:container5=427","",870,0,"3:container4=435;4:container5=435","",426,0,"3:container4=426",""
558572000000,/,1743,0,2,"3:container4=871;4:container5=872","",432,0,"4:container5=432","",880,0,"3:container4=440;4:container5=440","",431,0,"3:container4=431",""
558976000000,/,1763,0,2,"3:container4=881;4:container5=882","",437,0,"4:container5=437","",890,0,"3:container4=445;4:container5=445","",436,0,"3:container4=436",""
559384000000,/,1783,0,2,"3:container4=891;4:container5=892","",442,0,"4:container5=442","",900,0,"3:container4=450;4:container5=450","",441,0,"3:container4=441",""
559800000000,/,1803,0,2,"3:container4=901;4:container5=902","",447,0,"4:container5=447","",910,0,"3:container4=455;4:container5=455","",446,0,"3:container4=446",""
560176000000,/,1823,0,2,"3:container4=911;4:container5=912","",452,0,"4:container5=452","",920,0,"3:container4=460;4:container5=460","",451,0,"3:container4=451",""
560476000000,/,1843,0,2,"3:container4=921;4:container5=922","",457,0,"4:container5=457","",930,0,"3:container4=465;4:container5=465","",456,0,"3:container4=456",""
560700000000,/,1863,0,2,"3:container4=931;4:container5=932","",462,0,"4:container5=462","",940,0,"3:container4=470;4:container5=470","",461,0,"3:container4=461",""
560904000000,/,1879,0,2,"3:container4=939;4:container5=940","",466,0,"4:container5=466","",948,0,"3:container4=474;4:container5=474","",465,0,"3:container4=465",""
561156000000,/,1903,0,2,"3:container4=951;4:container5=952","",472,0,"4:container5=472","",960,0,"3:container4=480;4:container5=480","",471,0,"3:container4=471",""
561392000000,/,1923,0,2,"3:container4=961;4:container5=962","",477,0,"4:container5=477","",970,0,"3:container4=485;4:container5=485","",476,0,"3:container4=476",""
561600000000,/,1943,0,2,"3:container4=971;4:container5=972","",482,0,"4:container5=482","",980,0,"3:container4=490;4:container5=490","",481,0,"3:container4=481",""
561888000000,/,1963,0,2,"3:container4=981;4:container5=982","",487,0,"4:container5=487","",990,0,"3:container4=495;4:container5=495","",486,0,"3:container4=486",""
562096000000,/,1983,0,2,"3:container4=991;4:container5=992","",492,0,"4:container5=492","",1000,0,"3:container4=500;4:container5=500","",491,0,"3:container4=491",""
562476000000,/,2003,0,2,"3:container4=1001;4:container5=1002","",497,0,"4:container5=497","",1010,0,"3:container4=505;4:container5=505","",496,0,"3:container4=496",""
562876000000,/,2019,0,2,"3:container4=1009;4:container5=1010","",501,0,"4:container5=501","",1018,0,"3:container4=509;4:container5=509","",500,0,"3:container4=500",""
563280000000,/,2043,0,2,"3:container4=1021;4:container5=1022","",507,0,"4:container5=507","",1030,0,"3:container4=515;4:container5=515","",506,0,"3:container4=506",""
563660000000,/,2063,0,2,"3:container4=1031;4:container5=1032","",512,0,"4:container5=512","",1040,0,"3:container4=520;4:container5=520","",511,0,"3:container4=511",""
564076000000,/,2083,0,2,"3:container4=1041;4:container5=1042","",517,0,"4:container5=517","",1050,0,"3:container4=525;4:container5=525","",516,0,"3:container4=516",""
564476000000,/,2103,0,2,"3:container4=1051;4:container5=1052","",522,0,"4:container5=522","",1060,0,"3:container4=530;4:container5=530","",521,0,"3:container4=521",""
564812000000,/,2123,0,2,"3:container4=1061;4:container5=1062","",527,0,"4:container5=527","",1070,0,"3:container4=535;4:container5=535","",526,0,"3:container4=526",""
565192000000,/,2143,0,2,"3:container4=1071;4:container5=1072","",532,0,"4:container5=532","",1080,0,"3:container4=540;4:container5=540","",531,0,"3:container4=531",""
565568000000,/,2163,0,2,"3:container4=1081;4:container5=1082","",537,0,"4:container5=537","",1090,0,"3:container4=545;4:container5=545","",536,0,"3:container4=536",""
565908000000,/,2183,0,2,"3:container4=1091;4:container5=1092","",542,0,"4:container5=542","",1100,0,"3:container4=550;4:container5=550","",541,0,"3:container4=541",""
566120000000,/,2203,0,2,"3:container4=1101;4:container5=1102","",547,0,"4:container5=547","",1110,0,"3:container4=555;4:container5=555","",546,0,"3:container4=546",""
566300000000,/,2223,0,2,"3:container4=1111;4:container5=1112","",552,0,"4:container5=552","",1120,0,"3:container4=560;4:container5=560","",551,0,"3:container4=551",""
566500000000,/,2243,0,2,"3:container4=1121;4:container5=1122","",557,0,"4:container5=557","",1130,0,"3:container4=565;4:container5=565","",556,0,"3:container4=556",""
566712000000,/,2263,0,2,"3:container4=1131;4:container5=1132","",562,0,"4:container5=562","",1140,0,"3:container4=570;4:container5=570","",561,0,"3:container4=561",""
567076000000,/,2283,0,3,"3:container4=1141;4:container5=1142","",567,0,"4:container5=567","",1150,0,"3:container4=575;4:container5=575","",566,0,"3:container4=566",""
567492000000,/,2299,0,3,"3:container4=1149;4:container5=1150","",571,0,"4:container5=571","",1158,0,"3:container4=579;4:container5=579","",570,0,"3:container4=570",""
567900000000,/,2323,0,3,"3:container4=1161;4:container5=1162","",577,0,"4:container5=577","",1170,0,"3:container4=585;4:container5=585","",576,0,"3:container4=576",""
568300000000,/,2343,0,3,"3:container4=1171;4:container5=1172","",582,0,"4:container5=582","",1180,0,"3:container4=590;4:container5=590","",581,0,"3:container4=581",""
568700000000,/,2363,0,3,"3:container4=1181;4:container5=1182","",587,0,"4:container5=587","",1190,0,"3:container4=595;4:container5=595","",586,0,"3:container4=586",""
569000000000,/,2383,0,3,"3:container4=1191;4:container5=1192","",592,0,"4:container5=592","",1200,0,"3:container4=600;4:container5=600","",591,0,"3:container4=591",""
569384000000,/,2403,0,3,"3:container4=1201;4:container5=1202","",597,0,"4:container5=597","",1210,0,"3:container4=605;4:container5=605","",596,0,"3:container4=596",""
569780000000,/,2423,0,3,"3:container4=1211;4:container5=1212","",602,0,"4:container5=602","",1220,0,"3:container4=610;4:container5=610","",601,0,"3:container4=601",""
570196000000,/,2443,0,3,"3:container4=1221;4:container5=1222","",607,0,"4:container5=607","",1230,0,"3:container4=615;4:container5=615","",606,0,"3:container4=606",""
570600000000,/,2463,0,3,"3:container4=1231;4:container5=1232","",612,0,"4:container5=612","",1240,0,"3:container4=620;4:container5=620","",611,0,"3:container4=611",""
570996000000,/,2483,0,3,"3:container4=1241;4:container5=1242","",617,0,"4:container5=617","",1250,0,"3:container4=625;4:container5=625","",616,0,"3:container4=616",""
571300000000,/,2503,0,3,"3:container4=1251;4:container5=1252","",622,0,"4:container5=622","",1260,0,"3:container4=630;4:container5=630","",621,0,"3:container4=621",""
571536000000,/,2523,0,3,"3:container4=1261;4:container5=1262","",627,0,"4:container5=627","",1270,0,"3:container4=635;4:container5=635","",626,0,"3:container4=626",""
571772000000,/,2543,0,3,"3:container4=1271;4:container5=1272","",632,0,"4:container5=632","",1280,0,"3:container4=640;4:container5=640","",631,0,"3:container4=631",""
572000000000,/,2563,0,3,"3:container4=1281;4:container5=1282","",637,0,"4:container5=637","",1290,0,"3:container4=645;4:container5=645","",636,0,"3:container4=636",""
572248000000,/,2583,0,3,"3:container4=1291;4:container5=1292","",642,0,"4:container5=642","",1300,0,"3:container4=650;4:container5=650","",641,0,"3:container4=641",""
572452000000,/,2603,0,3,"3:container4=1301;4:container5=1302","",647,0,"4:container5=647","",1310,0,"3:container4=655;4:container5=655","",646,0,"3:container4=646",""
572688000000,/,2623,0,3,"3:container4=1311;4:container5=1312","",652,0,"4:container5=652","",1320,0,"3:container4=660;4:container5=660","",651,0,"3:container4=651",""
573000000000,/,2643,0,3,"3:container4=1321;4:container5=1322","",657,0,"4:container5=657","",1330,0,"3:container4=665;4:container5=665","",656,0,"3:container4=656",""
573408000000,/,2663,0,3,"3:container4=1331;4:container5=1332","",662,0,"4:container5=662","",1340,0,"3:container4=670;4:container5=670","",661,0,"3:container4=661",""
573836000000,/,2683,0,3,"3:container4=1341;4:container5=1342","",667,0,"4:container5=667","",1350,0,"3:container4=675;4:container5=675","",666,0,"3:container4=666",""
574248000000,/,2703,0,3,"3:container4=1351;4:container5=1352","",672,0,"4:container5=672","",1360,0,"3:container4=680;4:container5=680","",671,0,"3:container4=671",""
574664000000,/,2723,0,3,"3:container4=1361;4:container5=1362","",677,0,"4:container5=677","",1370,0,"3:container4=685;4:container5=685","",676,0,"3:container4=676",""
575064000000,/,2743,0,3,"3:container4=1371;4:container5=1372","",682,0,"4:container5=682","",1380,0,"3:container4=690;4:container5=690","",681,0,"3:container4=681",""
575468000000,/,2763,0,3,"3:container4=1381;4:container5=1382","",687,0,"4:container5=687","",1390,0,"3:container4=695;4:container5=695","",686,0,"3:container4=686",""
575784000000,/,2783,0,3,"3:container4=1391;4:container5=1392","",692,0,"4:container5=692","",1400,0,"3:container4=700;4:container5=700","",691,0,"3:container4=691",""
576000000000,/,2803,0,3,"3:container4=1401;4:container5=1402","",697,0,"4:container5=697","",1410,0,"3:container4=705;4:container5=705","",696,0,"3:container4=696",""
576208000000,/,2823,0,3,"3:container4=1411;4:container5=1412","",702,0,"4:container5=702","",1420,0,"3:container4=710;4:container5=710","",701,0,"3:container4=701",""
576480000000,/,2843,0,3,"3:container4=1421;4:container5=1422","",707,0,"4:container5=707","",1430,0,"3:container4=715;4:container5=715","",706,0,"3:container4=706",""
576676000000,/,2863,0,3,"3:container4=1431;4:container5=1432","",712,0,"4:container5=712","",1440,0,"3:container4=720;4:container5=720","",711,0,"3:container4=711",""
576900000000,/,2883,0,3,"3:container4=1441;4:container5=1442","",717,0,"4:container5=717","",1450,0,"3:container4=725;4:container5=725","",716,0,"3:container4=716",""
577204000000,/,2903,0,3,"3:container4=1451;4:container5=1452","",722,0,"4:container5=722","",1460,0,"3:container4=730;4:container5=730","",721,0,"3:container4=721",""
577568000000,/,2923,0,3,"3:container4=1461;4:container5=1462","",727,0,"4:container5=727","",1470,0,"3:container4=735;4:container5=735","",726,0,"3:container4=726",""
577900000000,/,2943,0,3,"3:container4=1471;4:container5=1472","",732,0,"4:container5=732","",1480,0,"3:container4=740;4:container5=740","",731,0,"3:container4=731",""
578296000000,/,2963,0,3,"3:container4=1481;4:container5=1482","",737,0,"4:container5=737","",1490,0,"3:container4=745;4:container5=745","",736,0,"3:container4=736",""
578700000000,/,2983,0,3,"3:container4=1491;4:container5=1492","",742,0,"4:container5=742","",1500,0,"3:container4=750;4:container5=750","",741,0,"3:container4=741",""
579112000000,/,3003,0,3,"3:container4=1501;4:container5=1502","",747,0,"4:container5=747","",1510,0,"3:container4=755;4:container5=755","",746,0,"3:container4=746",""
579508000000,/,3023,0,3,"3:container4=1511;4:container5=1512","",752,0,"4:container5=752","",1520,0,"3:container4=760;4:container5=760","",751,0,"3:container4=751",""
579936000000,/,3043,0,3,"3:container4=1521;4:container5=1522","",757,0,"4:container5=757","",1530,0,"3:container4=765;4:container5=765","",756,0,"3:container4=756",""
580276000000,/,3063,0,3,"3:container4=1531;4:container5=1532","",762,0,"4:container5=762","",1540,0,"3:container4=770;4:container5=770","",761,0,"3:container4=761",""
580504000000,/,3083,0,3,"3:container4=1541;4:container5=1542","",767,0,"4:container5=767","",1550,0,"3:container4=775;4:container5=775","",766,0,"3:container4=766",""
580760000000,/,3103,0,3,"3:container4=1551;4:container5=1552","",772,0,"4:container5=772","",1560,0,"3:container4=780;4:container5=780","",771,0,"3:container4=771",""
580976000000,/,3123,0,3,"3:container4=1561;4:container5=1562","",777,0,"4:container5=777","",1570,0,"3:container4=785;4:container5=785","",776,0,"3:container4=776",""
581232000000,/,3143,0,3,"3:container4=1571;4:container5=1572","",782,0,"4:container5=782","",1580,0,"3:container4=790;4:container5=790","",781,0,"3:container4=781",""
581464000000,/,3163,0,3,"3:container4=1581;4:container5=1582","",787,0,"4:container5=787","",1590,0,"3:container4=795;4:container5=795","",786,0,"3:container4=786",""
581700000000,/,3183,0,3,"3:container4=1591;4:container5=1592","",792,0,"4:container5=792","",1600,0,"3:container4=800;4:container5=800","",791,0,"3:container4=791",""
581992000000,/,3203,0,3,"3:container4=1601;4:container5=1602","",797,0,"4:container5=797","",1610,0,"3:container4=805;4:container5=805","",796,0,"3:container4=796",""
582400000000,/,3223,0,3,"3:container4=1611;4:container5=1612","",802,0,"4:container5=802","",1620,0,"3:container4=810;4:container5=810","",801,0,"3:container4=801",""
582800000000,/,3243,0,3,"3:container4=1621;4:container5=1622","",807,0,"4:container5=807","",1630,0,"3:container4=815;4:container5=815","",806,0,"3:container4=806",""
583212000000,/,3263,0,3,"3:container4=1631;4:container5=1632","",812,0,"4:container5=812","",1640,0,"3:container4=820;4:container5=820","",811,0,"3:container4=811",""
583656000000,/,3283,0,3,"3:container4=1641;4:container5=1642","",817,0,"4:container5=817","",1650,0,"3:container4=825;4:container5=825","",816,0,"3:container4=816",""
584024000000,/,3303,0,3,"3:container4=1651;4:container5=1652","",822,0,"4:container5=822","",1660,0,"3:container4=830;4:container5=830","",821,0,"3:container4=821",""
584432000000,/,3323,0,3,"3:container4=1661;4:container5=1662","",827,0,"4:container5=827","",1670,0,"3:container4=835;4:container5=835","",826,0,"3:container4=826",""
584800000000,/,3343,0,3,"3:container4=1671;4:container5=1672","",832,0,"4:container5=832","",1680,0,"3:container4=840;4:container5=840","",831,0,"3:container4=831",""
585100000000,/,3363,0,3,"3:container4=1681;4:container5=1682","",837,0,"4:container5=837","",1690,0,"3:container4=845;4:container5=845","",836,0,"3:container4=836",""
585460000000,/,3383,0,3,"3:container4=1691;4:container5=1692","",842,0,"4:container5=842","",1700,0,"3:container4=850;4:container5=850","",841,0,"3:container4=841",""
585692000000,/,3403,0,3,"3:container4=1701;4:container5=1702","",847,0,"4:container5=847","",1710,0,"3:container4=855;4:container5=855","",846,0,"3:container4=846",""
585900000000,/,3423,0,3,"3:container4=1711;4:container5=1712","",852,0,"4:container5=852","",1720,0,"3:container4=860;4:container5=860","",851,0,"3:container4=851",""
586148000000,/,3443,0,3,"3:container4=1721;4:container5=1722","",857,0,"4:container5=857","",1730,0,"3:container4=865;4:container5=865","",856,0,"3:container4=856",""
586388000000,/,3463,0,3,"3:container4=1731;4:container5=1732","",862,0,"4:container5=862","",1740,0,"3:container4=870;4:container5=870","",861,0,"3:container4=861",""
586644000000,/,3483,0,3,"3:container4=1741;4:container5=1742","",867,0,"4:container5=867","",1750,0,"3:container4=875;4:container5=875","",866,0,"3:container4=866",""
586880000000,/,3503,0,3,"3:container4=1751;4:container5=1752","",872,0,"4:container5=872","",1760,0,"3:container4=880;4:container5=880","",871,0,"3:container4=871",""
587160000000,/,3523,0,3,"3:container4=1761;4:container5=1762","",877,0,"4:container5=877","",1770,0,"3:container4=885;4:container5=885","",876,0,"3:container4=876",""
587568000000,/,3543,0,3,"3:container4=1771;4:container5=1772","",882,0,"4:container5=882","",1780,0,"3:container4=890;4:container5=890","",881,0,"3:container4=881",""
587960000000,/,3563,0,3,"3:container4=1781;4:container5=1782","",887,0,"4:container5=887","",1790,0,"3:container4=895;4:container5=895","",886,0,"3:container4=886",""
588360000000,/,3583,0,3,"3:container4=1791;4:container5=1792","",892,0,"4:container5=892","",1800,0,"3:container4=900;4:container5=900","",891,0,"3:container4=891",""
588756000000,/,3603,0,3,"3:container4=1801;4:container5=1802","",897,0,"4:container5=897","",1810,0,"3:container4=905;4:container5=905","",896,0,"3:container4=896",""
589144000000,/,3623,0,3,"3:container4=1811;4:container5=1812","",902,0,"4:container5=902","",1820,0,"3:container4=910;4:container5=910","",901,0,"3:container4=901",""
589572000000,/,3643,0,3,"3:container4=1821;4:container5=1822","",907,0,"4:container5=907","",1830,0,"3:container4=915;4:container5=915","",906,0,"3:container4=906",""
590000000000,/,3663,0,3,"3:container4=1831;4:container5=1832","",912,0,"4:container5=912","",1840,0,"3:container4=920;4:container5=920","",911,0,"3:container4=911",""
590380000000,/,3683,0,3,"3:container4=1841;4:container5=1842","",917,0,"4:container5=917","",1850,0,"3:container4=925;4:container5=925","",916,0,"3:container4=916",""
590800000000,/,3699,0,3,"3:container4=1849;4:container5=1850","",921,0,"4:container5=921","",1858,0,"3:container4=929;4:container5=929","",920,0,"3:container4=920",""
591164000000,/,3723,0,3,"3:container4=1861;4:container5=1862","",927,0,"4:container5=927","",1870,0,"3:container4=935;4:container5=935","",926,0,"3:container4=926",""
591400000000,/,3743,0,3,"3:container4=1871;4:container5=1872","",932,0,"4:container5=932","",1880,0,"3:container4=940;4:container5=940","",931,0,"3:container4=931",""
591660000000,/,3763,0,3,"3:container4=1881;4:container5=1882","",937,0,"4:container5=937","",1890,0,"3:container4=945;4:container5=945","",936,0,"3:container4=936",""
591892000000,/,3783,0,3,"3:container4=1891;4:container5=1892","",942,0,"4:container5=942","",1900,0,"3:container4=950;4:container5=950","",941,0,"3:container4=941",""
592120000000,/,3803,0,3,"3:container4=1901;4:container5=1902","",947,0,"4:container5=947","",1910,0,"3:container4=955;4:container5=955","",946,0,"3:container4=946",""
592368000000,/,3823,0,3,"3:container4=1911;4:container5=1912","",952,0,"4:container5=952","",1920,0,"3:container4=960;4:container5=960","",951,0,"3:container4=951",""
592600000000,/,3843,0,3,"3:container4=1921;4:container5=1922","",957,0,"4:container5=957","",1930,0,"3:container4=965;4:container5=965","",956,0,"3:container4=956",""
592872000000,/,3863,0,3,"3:container4=1931;4:container5=1932","",962,0,"4:container5=962","",1940,0,"3:container4=970;4:container5=970","",961,0,"3:container4=961",""
593276000000,/,3883,0,3,"3:container4=1941;4:container5=1942","",967,0,"4:container5=967","",1950,0,"3:container4=975;4:container5=975","",966,0,"3:container4=966",""
593700000000,/,3903,0,3,"3:container4=1951;4:container5=1952","",972,0,"4:container5=972","",1960,0,"3:container4=980;4:container5=980","",971,0,"3:container4=971",""
594084000000,/,3923,0,3,"3:container4=1961;4:container5=1962","",977,0,"4:container5=977","",1970,0,"3:container4=985;4:container5=985","",976,0,"3:container4=976",""
594496000000,/,3943,0,3,"3:container4=1971;4:container5=1972","",982,0,"4:container5=982","",1980,0,"3:container4=990;4:container5=990","",981,0,"3:container4=981",""
594884000000,/,3963,0,3,"3:container4=1981;4:container5=1982","",987,0,"4:container5=987","",1990,0,"3:container4=995;4:container5=995","",986,0,"3:container4=986",""
595288000000,/,3983,0,3,"3:container4=1991;4:container5=1992","",992,0,"4:container5=992","",2000,0,"3:container4=1000;4:container5=1000","",991,0,"3:container4=991",""
595688000000,/,3999,0,3,"3:container4=1999;4:container5=2000","",996,0,"4:container5=996","",2008,0,"3:container4=1004;4:container5=1004","",995,0,"3:container4=995",""
595960000000,/,4023,0,3,"3:container4=2011;4:container5=2012","",1002,0,"4:container5=1002","",2020,0,"3:container4=1010;4:container5=1010","",1001,0,"3:container4=1001",""
596200000000,/,4043,0,3,"3:container4=2021;4:container5=2022","",1007,0,"4:container5=1007","",2030,0,"3:container4=1015;4:container5=1015","",1006,0,"3:container4=1006",""
596600000000,/,4063,0,3,"3:container4=2031;4:container5=2032","",1012,0,"4:container5=1012","",2040,0,"3:container4=1020;4:container5=1020","",1011,0,"3:container4=1011",""
596840000000,/,4083,0,3,"3:container4=2041;4:container5=2042","",1017,0,"4:container5=1017","",2050,0,"3:container4=1025;4:container5=1025","",1016,0,"3:container4=1016",""
597072000000,/,4103,0,3,"3:container4=2051;4:container5=2052","",1022,0,"4:container5=1022","",2060,0,"3:container4=1030;4:container5=1030","",1021,0,"3:container4=1021",""
597336000000,/,4123,0,3,"3:container4=2061;4:container5=2062","",1027,0,"4:container5=1027","",2070,0,"3:container4=1035;4:container5=1035","",1026,0,"3:container4=1026",""
597732000000,/,4143,0,3,"3:container4=2071;4:container5=2072","",1032,0,"4:container5=1032","",2080,0,"3:container4=1040;4:container5=1040","",1031,0,"3:container4=1031",""
598000000000,/,4163,0,3,"3:container4=2081;4:container5=2082","",1037,0,"4:container5=1037","",2090,0,"3:container4=1045;4:container5=1045","",1036,0,"3:container4=1036",""
598260000000,/,4183,0,3,"3:container4=2091;4:container5=2092","",1042,0,"4:container5=1042","",2100,0,"3:container4=1050;4:container5=1050","",1041,0,"3:container4=1041",""
598684000000,/,4203,0,3,"3:container4=2101;4:container5=2102","",1047,0,"4:container5=1047","",2110,0,"3:container4=1055;4:container5=1055","",1046,0,"3:container4=1046",""
598920000000,/,4223,0,3,"3:container4=2111;4:container5=2112","",1052,0,"4:container5=1052","",2120,0,"3:container4=1060;4:container5=1060","",1051,0,"3:container4=1051",""
599300000000,/,4243,0,3,"3:container4=2121;4:container5=2122","",1057,0,"4:container5=1057","",2130,0,"3:container4=1065;4:container5=1065","",1056,0,"3:container4=1056",""
599592000000,/,4263,0,3,"3:container4=2131;4:container5=2132","",1062,0,"4:container5=1062","",2140,0,"3:container4=1070;4:container5=1070","",1061,0,"3:container4=1061",""
599964000000,/,4283,0,3,"3:container4=2141;4:container5=2142","",1067,0,"4:container5=1067","",2150,0,"3:container4=1075;4:container5=1075","",1066,0,"3:container4=1066",""
600364000000,/,4303,0,3,"3:container4=2151;4:container5=2152","",1072,0,"4:container5=1072","",2160,0,"3:container4=1080;4:container5=1080","",1071,0,"3:container4=1071",""
600700000000,/,4323,0,3,"3:container4=2161;4:container5=2162","",1077,0,"4:container5=1077","",2170,0,"3:container4=1085;4:container5=1085","",1076,0,"3:container4=1076",""
601064000000,/,4343,0,3,"3:container4=2171;4:container5=2172","",1082,0,"4:container5=1082","",2180,0,"3:container4=1090;4:container5=1090","",1081,0,"3:container4=1081",""
601344000000,/,4363,0,3,"3:container4=2181;4:container5=2182","",1087,0,"4:container5=1087","",2190,0,"3:container4=1095;4:container5=1095","",1086,0,"3:container4=1086",""
601560000000,/,4383,0,3,"3:container4=2191;4:container5=2192","",1092,0,"4:container5=1092","",2200,0,"3:container4=1100;4:container5=1100","",1091,0,"3:container4=1091",""
601800000000,/,4399,0,3,"3:container4=2199;4:container5=2200","",1096,0,"4:container5=1096","",2208,0,"3:container4=1104;4:container5=1104","",1095,0,"3:container4=1095",""
602060000000,/,4423,0,3,"3:container4=2211;4:container5=2212","",1102,0,"4:container5=1102","",2220,0,"3:container4=1110;4:container5=1110","",1101,0,"3:container4=1101",""
602284000000,/,4443,0,3,"3:container4=2221;4:container5=2222","",1107,0,"4:container5=1107","",2230,0,"3:container4=1115;4:container5=1115","",1106,0,"3:container4=1106",""
602500000000,/,4463,0,3,"3:container4=2231;4:container5=2232","",1112,0,"4:container5=1112","",2240,0,"3:container4=1120;4:container5=1120","",1111,0,"3:container4=1111",""
602760000000,/,4483,0,3,"3:container4=2241;4:container5=2242","",1117,0,"4:container5=1117","",2250,0,"3:container4=1125;4:container5=1125","",1116,0,"3:container4=1116",""
603012000000,/,4503,0,3,"3:container4=2251;4:container5=2252","",1122,0,"4:container5=1122","",2260,0,"3:container4=1130;4:container5=1130","",1121,0,"3:container4=1121",""
603208000000,/,4523,0,3,"3:container4=2261;4:container5=2262","",1127,0,"4:container5=1127","",2270,0,"3:container4=1135;4:container5=1135","",1126,0,"3:container4=1126",""
603472000000,/,4543,0,3,"3:container4=2271;4:container5=2272","",1132,0,"4:container5=1132","",2280,0,"3:container4=1140;4:container5=1140","",1131,0,"3:container4=1131",""
603656000000,/,4563,0,3,"3:container4=2281;4:container5=2282","",1137,0,"4:container5=1137","",2290,0,"3:container4=1145;4:container5=1145","",1136,0,"3:container4=1136",""
603836000000,/,4583,0,3,"3:container4=2291;4:container5=2292","",1142,0,"4:container5=1142","",2300,0,"3:container4=1150;4:container5=1150","",1141,0,"3:container4=1141",""
604148000000,/,4603,0,3,"3:container4=2301;4:container5=2302","",1147,0,"4:container5=1147","",2310,0,"3:container4=1155;4:container5=1155","",1146,0,"3:container4=1146",""
604552000000,/,4623,0,3,"3:container4=2311;4:container5=2312","",1152,0,"4:container5=1152","",2320,0,"3:container4=1160;4:container5=1160","",1151,0,"3:container4=1151",""
604960000000,/,4643,0,3,"3:container4=2321;4:container5=2322","",1157,0,"4:container5=1157","",2330,0,"3:container4=1165;4:container5=1165","",1156,0,"3:container4=1156",""
605376000000,/,4663,0,3,"3:container4=2331;4:container5=2332","",1162,0,"4:container5=1162","",2340,0,"3:container4=1170;4:container5=1170","",1161,0,"3:container4=1161",""
605752000000,/,4683,0,3,"3:container4=2341;4:container5=2342","",1167,0,"4:container5=1167","",2350,0,"3:container4=1175;4:container5=1175","",1166,0,"3:container4=1166",""
606180000000,/,4703,0,3,"3:container4=2351;4:container5=2352","",1172,0,"4:container5=1172","",2360,0,"3:container4=1180;4:container5=1180","",1171,0,"3:container4=1171",""
606588000000,/,4723,0,3,"3:container4=2361;4:container5=2362","",1177,0,"4:container5=1177","",2370,0,"3:container4=1185;4:container5=1185","",1176,0,"3:container4=1176",""
606984000000,/,4743,0,3,"3:container4=2371;4:container5=2372","",1182,0,"4:container5=1182","",2380,0,"3:container4=1190;4:container5=1190","",1181,0,"3:container4=1181",""
607336000000,/,4763,0,3,"3:container4=2381;4:container5=2382","",1187,0,"4:container5=1187","",2390,0,"3:container4=1195;4:container5=1195","",1186,0,"3:container4=1186",""
607560000000,/,4783,0,3,"3:container4=2391;4:container5=2392","",1192,0,"4:container5=1192","",2400,0,"3:container4=1200;4:container5=1200","",1191,0,"3:container4=1191",""
607908000000,/,4803,0,3,"3:container4=2401;4:container5=2402","",1197,0,"4:container5=1197","",2410,0,"3:container4=1205;4:container5=1205","",1196,0,"3:container4=1196",""
608200000000,/,4823,0,3,"3:container4=2411;4:container5=2412","",1202,0,"4:container5=1202","",2420,0,"3:container4=1210;4:container5=1210","",1201,0,"3:container4=1201",""
608436000000,/,4843,0,3,"3:container4=2421;4:container5=2422","",1207,0,"4:container5=1207","",2430,0,"3:container4=1215;4:container5=1215","",1206,0,"3:container4=1206",""
608700000000,/,4863,0,3,"3:container4=2431;4:container5=2432","",1212,0,"4:container5=1212","",2440,0,"3:container4=1220;4:container5=1220","",1211,0,"3:container4=1211",""
608904000000,/,4879,0,3,"3:container4=2439;4:container5=2440","",1216,0,"4:container5=1216","",2448,0,"3:container4=1224;4:container5=1224","",1215,0,"3:container4=1215",""
609152000000,/,4903,0,3,"3:container4=2451;4:container5=2452","",1222,0,"4:container5=1222","",2460,0,"3:container4=1230;4:container5=1230","",1221,0,"3:container4=1221",""
609500000000,/,4923,0,3,"3:container4=2461;4:container5=2462","",1227,0,"4:container5=1227","",2470,0,"3:container4=1235;4:container5=1235","",1226,0,"3:container4=1226",""
609800000000,/,4943,0,3,"3:container4=2471;4:container5=2472","",1232,0,"4:container5=1232","",2480,0,"3:container4=1240;4:container5=1240","",1231,0,"3:container4=1231",""
610040000000,/,4963,0,3,"3:container4=2481;4:container5=2482","",1237,0,"4:container5=1237","",2490,0,"3:container4=1245;4:container5=1245","",1236,0,"3:container4=1236",""
610400000000,/,4983,0,3,"3:container4=2491;4:container5=2492","",1242,0,"4:container5=1242","",2500,0,"3:container4=1250;4:container5=1250","",1241,0,"3:container4=1241",""
610780000000,/,5003,0,3,"3:container4=2501;4:container5=2502","",1247,0,"4:container5=1247","",2510,0,"3:container4=1255;4:container5=1255","",1246,0,"3:container4=1246",""
611200000000,/,5023,0,3,"3:container4=2511;4:container5=2512","",1252,0,"4:container5=1252","",2520,0,"3:container4=1260;4:container5=1260","",1251,0,"3:container4=1251",""
611600000000,/,5043,0,3,"3:container4=2521;4:container5=2522","",1257,0,"4:container5=1257","",2530,0,"3:container4=1265;4:container5=1265","",1256,0,"3:container4=1256",""
612024000000,/,5063,0,3,"3:container4=2531;4:container5=2532","",1262,0,"4:container5=1262","",2540,0,"3:container4=1270;4:container5=1270","",1261,0,"3:container4=1261",""
612324000000,/,5083,0,3,"3:container4=2541;4:container5=2542","",1267,0,"4:container5=1267","",2550,0,"3:container4=1275;4:container5=1275","",1266,0,"3:container4=1266",""
612696000000,/,5103,0,3,"3:container4=2551;4:container5=2552","",1272,0,"4:container5=1272","",2560,0,"3:container4=1280;4:container5=1280","",1271,0,"3:container4=1271",""
613096000000,/,5123,0,3,"3:container4=2561;4:container5=2562","",1277,0,"4:container5=1277","",2570,0,"3:container4=1285;4:container5=1285","",1276,0,"3:container4=1276",""
613504000000,/,5143,0,3,"3:container4=2571;4:container5=2572","",1282,0,"4:container5=1282","",2580,0,"3:container4=1290;4:container5=1290","",1281,0,"3:container4=1281",""
613812000000,/,5163,0,3,"3:container4=2581;4:container5=2582","",1287,0,"4:container5=1287","",2590,0,"3:container4=1295;4:container5=1295","",1286,0,"3:container4=1286",""
614068000000,/,5183,0,3,"3:container4=2591;4:container5=2592","",1292,0,"4:container5=1292","",2600,0,"3:container4=1300;4:container5=1300","",1291,0,"3:container4=1291",""
614316000000,/,5203,0,3,"3:container4=2601;4:container5=2602","",1297,0,"4:container5=1297","",2610,0,"3:container4=1305;4:container5=1305","",1296,0,"3:container4=1296",""
614520000000,/,5223,0,3,"3:container4=2611;4:container5=2612","",1302,0,"4:container5=1302","",2620,0,"3:container4=1310;4:container5=1310","",1301,0,"3:container4=1301",""
614760000000,/,5243,0,3,"3:container4=2621;4:container5=2622","",1307,0,"4:container5=1307","",2630,0,"3:container4=1315;4:container5=1315","",1306,0,"3:container4=1306",""
615000000000,/,5263,0,3,"3:container4=2631;4:container5=2632","",1312,0,"4:container5=1312","",2640,0,"3:container4=1320;4:container5=1320","",1311,0,"3:container4=1311",""
615268000000,/,5283,0,3,"3:container4=2641;4:container5=2642","",1317,0,"4:container5=1317","",2650,0,"3:container4=1325;4:container5=1325","",1316,0,"3:container4=1316",""
615500000000,/,5303,0,3,"3:container4=2651;4:container5=2652","",1322,0,"4:container5=1322","",2660,0,"3:container4=1330;4:container5=1330","",1321,0,"3:container4=1321",""
615800000000,/,5323,0,3,"3:container4=2661;4:container5=2662","",1327,0,"4:container5=1327","",2670,0,"3:container4=1335;4:container5=1335","",1326,0,"3:container4=1326",""
616180000000,/,5343,0,3,"3:container4=2671;4:container5=2672","",1332,0,"4:container5=1332","",2680,0,"3:container4=1340;4:container5=1340","",1331,0,"3:container4=1331",""
616488000000,/,5363,0,3,"3:container4=2681;4:container5=2682","",1337,0,"4:container5=1337","",2690,0,"3:container4=1345;4:container5=1345","",1336,0,"3:container4=1336",""
616900000000,/,5383,0,3,"3:container4=2691;4:container5=2692","",1342,0,"4:container5=1342","",2700,0,"3:container4=1350;4:container5=1350","",1341,0,"3:container4=1341",""
617260000000,/,5403,0,3,"3:container4=2701;4:container5=2702","",1347,0,"4:container5=1347","",2710,0,"3:container4=1355;4:container5=1355","",1346,0,"3:container4=1346",""
617500000000,/,5423,0,3,"3:container4=2711;4:container5=2712","",1352,0,"4:container5=1352","",2720,0,"3:container4=1360;4:container5=1360","",1351,0,"3:container4=1351",""
617700000000,/,5443,0,3,"3:container4=2721;4:container5=2722","",1357,0,"4:container5=1357","",2730,0,"3:container4=1365;4:container5=1365","",1356,0,"3:container4=1356",""
617960000000,/,5463,0,3,"3:container4=2731;4:container5=2732","",1362,0,"4:container5=1362","",2740,0,"3:container4=1370;4:container5=1370","",1361,0,"3:container4=1361",""
618192000000,/,5483,0,3,"3:container4=2741;4:container5=2742","",1367,0,"4:container5=1367","",2750,0,"3:container4=1375;4:container5=1375","",1366,0,"3:container4=1366",""
618400000000,/,5503,0,3,"3:container4=2751;4:container5=2752","",1372,0,"4:container5=1372","",2760,0,"3:container4=1380;4:container5=1380","",1371,0,"3:container4=1371",""
618656000000,/,5523,0,3,"3:container4=2761;4:container5=2762","",1377,0,"4:container5=1377","",2770,0,"3:container4=1385;4:container5=1385","",1376,0,"3:container4=1376",""
618884000000,/,5543,0,3,"3:container4=2771;4:container5=2772","",1382,0,"4:container5=1382","",2780,0,"3:container4=1390;4:container5=1390","",1381,0,"3:container4=1381",""
619048000000,/,5563,0,3,"3:container4=2781;4:container5=2782","",1387,0,"4:container5=1387","",2790,0,"3:container4=1395;4:container5=1395","",1386,0,"3:container4=1386",""
619236000000,/,5583,0,3,"3:container4=2791;4:container5=2792","",1392,0,"4:container5=1392","",2800,0,"3:container4=1400;4:container5=1400","",1391,0,"3:container4=1391",""
619412000000,/,5603,0,3,"3:container4=2801;4:container5=2802","",1397,0,"4:container5=1397","",2810,0,"3:container4=1405;4:container5=1405","",1396,0,"3:container4=1396",""
619772000000,/,5623,0,3,"3:container4=2811;4:container5=2812","",1402,0,"4:container5=1402","",2820,0,"3:container4=1410;4:container5=1410","",1401,0,"3:container4=1401",""
620204000000,/,5643,0,3,"3:container4=2821;4:container5=2822","",1407,0,"4:container5=1407","",2830,0,"3:container4=1415;4:container5=1415","",1406,0,"3:container4=1406",""
620600000000,/,5663,0,3,"3:container4=2831;4:container5=2832","",1412,0,"4:container5=1412","",2840,0,"3:container4=1420;4:container5=1420","",1411,0,"3:container4=1411",""
621000000000,/,5683,0,3,"3:container4=2841;4:container5=2842","",1417,0,"4:container5=1417","",2850,0,"3:container4=1425;4:container5=1425","",1416,0,"3:container4=1416",""
621400000000,/,5703,0,3,"3:container4=2851;4:container5=2852","",1422,0,"4:container5=1422","",2860,0,"3:container4=1430;4:container5=1430","",1421,0,"3:container4=1421",""
621816000000,/,5723,0,3,"3:container4=2861;4:container5=2862","",1427,0,"4:container5=1427","",2870,0,"3:container4=1435;4:container5=1435","",1426,0,"3:container4=1426",""
622196000000,/,5743,0,3,"3:container4=2871;4:container5=2872","",1432,0,"4:container5=1432","",2880,0,"3:container4=1440;4:container5=1440","",1431,0,"3:container4=1431",""
622564000000,/,5763,0,3,"3:container4=2881;4:container5=2882","",1437,0,"4:container5=1437","",2890,0,"3:container4=1445;4:container5=1445","",1436,0,"3:container4=1436",""
622868000000,/,5783,0,3,"3:container4=2891;4:container5=2892","",1442,0,"4:container5=1442","",2900,0,"3:container4=1450;4:container5=1450","",1441,0,"3:container4=1441",""
623248000000,/,5803,0,3,"3:container4=2901;4:container5=2902","",1447,0,"4:container5=1447","",2910,0,"3:container4=1455;4:container5=1455","",1446,0,"3:container4=1446",""
623636000000,/,5823,0,3,"3:container4=2911;4:container5=2912","",1452,0,"4:container5=1452","",2920,0,"3:container4=1460;4:container5=1460","",1451,0,"3:container4=1451",""
623932000000,/,5843,0,3,"3:container4=2921;4:container5=2922","",1457,0,"4:container5=1457","",2930,0,"3:container4=1465;4:container5=1465","",1456,0,"3:container4=1456",""
624264000000,/,5863,0,3,"3:container4=2931;4:container5=2932","",1462,0,"4:container5=1462","",2940,0,"3:container4=1470;4:container5=1470","",1461,0,"3:container4=1461",""
624500000000,/,5883,0,3,"3:container4=2941;4:container5=2942","",1467,0,"4:container5=1467","",2950,0,"3:container4=1475;4:container5=1475","",1466,0,"3:container4=1466",""
624760000000,/,5903,0,3,"3:container4=2951;4:container5=2952","",1472,0,"4:container5=1472","",2960,0,"3:container4=1480;4:container5=1480","",1471,0,"3:container4=1471",""
625000000000,/,5923,0,3,"3:container4=2961;4:container5=2962","",1477,0,"4:container5=1477","",2970,0,"3:container4=1485;4:container5=1485","",1476,0,"3:container4=1476",""
625232000000,/,5943,0,3,"3:container4=2971;4:container5=2972","",1482,0,"4:container5=1482","",2980,0,"3:container4=1490;4:container5=1490","",1481,0,"3:container4=1481",""
625616000000,/,5963,0,3,"3:container4=2981;4:container5=2982","",1487,0,"4:container5=1487","",2990,0,"3:container4=1495;4:container5=1495","",1486,0,"3:container4=1486",""
625880000000,/,5983,0,3,"3:container4=2991;4:container5=2992","",1492,0,"4:container5=1492","",3000,0,"3:container4=1500;4:container5=1500","",1491,0,"3:container4=1491",""
626100000000,/,6003,0,3,"3:container4=3001;4:container5=3002","",1497,0,"4:container5=1497","",3010,0,"3:container4=1505;4:container5=1505","",1496,0,"3:container4=1496",""
626320000000,/,6023,0,3,"3:container4=3011;4:container5=3012","",1502,0,"4:container5=1502","",3020,0,"3:container4=1510;4:container5=1510","",1501,0,"3:container4=1501",""
626572000000,/,6043,0,3,"3:container4=3021;4:container5=3022","",1507,0,"4:container5=1507","",3030,0,"3:container4=1515;4:container5=1515","",1506,0,"3:container4=1506",""
626800000000,/,6063,0,3,"3:container4=3031;4:container5=3032","",1512,0,"4:container5=1512","",3040,0,"3:container4=1520;4:container5=1520","",1511,0,"3:container4=1511",""
627052000000,/,6083,0,3,"3:container4=3041;4:container5=3042","",1517,0,"4:container5=1517","",3050,0,"3:container4=1525;4:container5=1525","",1516,0,"3:container4=1516",""
627296000000,/,6103,0,3,"3:container4=3051;4:container5=3052","",1522,0,"4:container5=1522","",3060,0,"3:container4=1530;4:container5=1530","",1521,0,"3:container4=1521",""
627696000000,/,6123,0,3,"3:container4=3061;4:container5=3062","",1527,0,"4:container5=1527","",3070,0,"3:container4=1535;4:container5=1535","",1526,0,"3:container4=1526",""
627960000000,/,6143,0,3,"3:container4=3071;4:container5=3072","",1532,0,"4:container5=1532","",3080,0,"3:container4=1540;4:container5=1540","",1531,0,"3:container4=1531",""
628348000000,/,6163,0,3,"3:container4=3081;4:container5=3082","",1537,0,"4:container5=1537","",3090,0,"3:container4=1545;4:container5=1545","",1536,0,"3:container4=1536",""
628736000000,/,6183,0,3,"3:container4=3091;4:container5=3092","",1542,0,"4:container5=1542","",3100,0,"3:container4=1550;4:container5=1550","",1541,0,"3:container4=1541",""
629052000000,/,6203,0,3,"3:container4=3101;4:container5=3102","",1547,0,"4:container5=1547","",3110,0,"3:container4=1555;4:container5=1555","",1546,0,"3:container4=1546",""
629400000000,/,6223,0,3,"3:container4=3111;4:container5=3112","",1552,0,"4:container5=1552","",3120,0,"3:container4=1560;4:container5=1560","",1551,0,"3:container4=1551",""
629764000000,/,6243,0,3,"3:container4=3121;4:container5=3122","",1557,0,"4:container5=1557","",3130,0,"3:container4=1565;4:container5=1565","",1556,0,"3:container4=1556",""
629948000000,/,6263,0,3,"3:container4=3131;4:container5=3132","",1562,0,"4:container5=1562","",3140,0,"3:container4=1570;4:container5=1570","",1561,0,"3:container4=1561",""
630300000000,/,6283,0,3,"3:container4=3141;4:container5=3142","",1567,0,"4:container5=1567","",3150,0,"3:container4=1575;4:container5=1575","",1566,0,"3:container4=1566",""
630604000000,/,6303,0,3,"3:container4=3151;4:container5=3152","",1572,0,"4:container5=1572","",3160,0,"3:container4=1580;4:container5=1580","",1571,0,"3:container4=1571",""
630896000000,/,6323,0,3,"3:container4=3161;4:container5=3162","",1577,0,"4:container5=1577","",3170,0,"3:container4=1585;4:container5=1585","",1576,0,"3:container4=1576",""
631284000000,/,6343,0,3,"3:container4=3171;4:container5=3172","",1582,0,"4:container5=1582","",3180,0,"3:container4=1590;4:container5=1590","",1581,0,"3:container4=1581",""
631556000000,/,6363,0,3,"3:container4=3181;4:container5=3182","",1587,0,"4:container5=1587","",3190,0,"3:container4=1595;4:container5=1595","",1586,0,"3:container4=1586",""
631952000000,/,6383,0,3,"3:container4=3191;4:container5=3192","",1592,0,"4:container5=1592","",3200,0,"3:container4=1600;4:container5=1600","",1591,0,"3:container4=1591",""
632184000000,/,6403,0,3,"3:container4=3201;4:container5=3202","",1597,0,"4:container5=1597","",3210,0,"3:container4=1605;4:container5=1605","",1596,0,"3:container4=1596",""
632456000000,/,6423,0,3,"3:container4=3211;4:container5=3212","",1602,0,"4:container5=1602","",3220,0,"3:container4=1610;4:container5=1610","",1601,0,"3:container4=1601",""
632840000000,/,6443,0,3,"3:container4=3221;4:container5=3222","",1607,0,"4:container5=1607","",3230,0,"3:container4=1615;4:container5=1615","",1606,0,"3:container4=1606",""
633064000000,/,6463,0,3,"3:container4=3231;4:container5=3232","",1612,0,"4:container5=1612","",3240,0,"3:container4=1620;4:container5=1620","",1611,0,"3:container4=1611",""
633220000000,/,6483,0,3,"3:container4=3241;4:container5=3242","",1617,0,"4:container5=1617","",3250,0,"3:container4=1625;4:container5=1625","",1616,0,"3:container4=1616",""
633328000000,/,6503,0,3,"3:container4=3251;4:container5=3252","",1622,0,"4:container5=1622","",3260,0,"3:container4=1630;4:container5=1630","",1621,0,"3:container4=1621",""
633472000000,/,6523,0,3,"3:container4=3261;4:container5=3262","",1627,0,"4:container5=1627","",3270,0,"3:container4=1635;4:container5=1635","",1626,0,"3:container4=1626",""
633800000000,/,6543,0,3,"3:container4=3271;4:container5=3272","",1632,0,"4:container5=1632","",3280,0,"3:container4=1640;4:container5=1640","",1631,0,"3:container4=1631",""
634060000000,/,6563,0,3,"3:container4=3281;4:container5=3282","",1637,0,"4:container5=1637","",3290,0,"3:container4=1645;4:container5=1645","",1636,0,"3:container4=1636",""
634424000000,/,6583,0,3,"3:container4=3291;4:container5=3292","",1642,0,"4:container5=1642","",3300,0,"3:container4=1650;4:container5=1650","",1641,0,"3:container4=1641",""
634864000000,/,6603,0,3,"3:container4=3301;4:container5=3302","",1647,0,"4:container5=1647","",3310,0,"3:container4=1655;4:container5=1655","",1646,0,"3:container4=1646",""
635256000000,/,6623,0,3,"3:container4=3311;4:container5=3312","",1652,0,"4:container5=1652","",3320,0,"3:container4=1660;4:container5=1660","",1651,0,"3:container4=1651",""
635676000000,/,6643,0,3,"3:container4=3321;4:container5=3322","",1657,0,"4:container5=1657","",3330,0,"3:container4=1665;4:container5=1665","",1656,0,"3:container4=1656",""
636092000000,/,6663,0,3,"3:container4=3331;4:container5=3332","",1662,0,"4:container5=1662","",3340,0,"3:container4=1670;4:container5=1670","",1661,0,"3:container4=1661",""
636480000000,/,6683,0,3,"3:container4=3341;4:container5=3342","",1667,0,"4:container5=1667","",3350,0,"3:container4=1675;4:container5=1675","",1666,0,"3:container4=1666",""
636884000000,/,6703,0,3,"3:container4=3351;4:container5=3352","",1672,0,"4:container5=1672","",3360,0,"3:container4=1680;4:container5=1680","",1671,0,"3:container4=1671",""
637300000000,/,6723,0,3,"3:container4=3361;4:container5=3362","",1677,0,"4:container5=1677","",3370,0,"3:container4=1685;4:container5=1685","",1676,0,"3:container4=1676",""
637580000000,/,6743,0,3,"3:container4=3371;4:container5=3372","",1682,0,"4:container5=1682","",3380,0,"3:container4=1690;4:container5=1690","",1681,0,"3:container4=1681",""
637796000000,/,6763,0,3,"3:container4=3381;4:container5=3382","",1687,0,"4:container5=1687","",3390,0,"3:container4=1695;4:container5=1695","",1686,0,"3:container4=1686",""
638056000000,/,6783,0,3,"3:container4=3391;4:container5=3392","",1692,0,"4:container5=1692","",3400,0,"3:container4=1700;4:container5=1700","",1691,0,"3:container4=1691",""
638420000000,/,6803,0,3,"3:container4=3401;4:container5=3402","",1697,0,"4:container5=1697","",3410,0,"3:container4=1705;4:container5=1705","",1696,0,"3:container4=1696",""
638684000000,/,6823,0,3,"3:container4=3411;4:container5=3412","",1702,0,"4:container5=1702","",3420,0,"3:container4=1710;4:container5=1710","",1701,0,"3:container4=1701",""
638916000000,/,6843,0,3,"3:container4=3421;4:container5=3422","",1707,0,"4:container5=1707","",3430,0,"3:container4=1715;4:container5=1715","",1706,0,"3:container4=1706",""
639180000000,/,6863,0,3,"3:container4=3431;4:container5=3432","",1712,0,"4:container5=1712","",3440,0,"3:container4=1720;4:container5=1720","",1711,0,"3:container4=1711",""
639400000000,/,6883,0,3,"3:container4=3441;4:container5=3442","",1717,0,"4:container5=1717","",3450,0,"3:container4=1725;4:container5=1725","",1716,0,"3:container4=1716",""
639640000000,/,6903,0,3,"3:container4=3451;4:container5=3452","",1722,0,"4:container5=1722","",3460,0,"3:container4=1730;4:container5=1730","",1721,0,"3:container4=1721",""
639864000000,/,6923,0,3,"3:container4=3461;4:container5=3462","",1727,0,"4:container5=1727","",3470,0,"3:container4=1735;4:container5=1735","",1726,0,"3:container4=1726",""
640088000000,/,6943,0,3,"3:container4=3471;4:container5=3472","",1732,0,"4:container5=1732","",3480,0,"3:container4=1740;4:container5=1740","",1731,0,"3:container4=1731",""
640348000000,/,6963,0,3,"3:container4=3481;4:container5=3482","",1737,0,"4:container5=1737","",3490,0,"3:container4=1745;4:container5=1745","",1736,0,"3:container4=1736",""
640560000000,/,6983,0,3,"3:container4=3491;4:container5=3492","",1742,0,"4:container5=1742","",3500,0,"3:container4=1750;4:container5=1750","",1741,0,"3:container4=1741",""
640764000000,/,7003,0,3,"3:container4=3501;4:container5=3502","",1747,0,"4:container5=1747","",3510,0,"3:container4=1755;4:container5=1755","",1746,0,"3:container4=1746",""
641160000000,/,7023,0,3,"3:container4=3511;4:container5=3512","",1752,0,"4:container5=1752","",3520,0,"3:container4=1760;4:container5=1760","",1751,0,"3:container4=1751",""
641576000000,/,7043,0,3,"3:container4=3521;4:container5=3522","",1757,0,"4:container5=1757","",3530,0,"3:container4=1765;4:container5=1765","",1756,0,"3:container4=1756",""
641948000000,/,7063,0,3,"3:container4=3531;4:container5=3532","",1762,0,"4:container5=1762","",3540,0,"3:container4=1770;4:container5=1770","",1761,0,"3:container4=1761",""
642248000000,/,7083,0,3,"3:container4=3541;4:container5=3542","",1767,0,"4:container5=1767","",3550,0,"3:container4=1775;4:container5=1775","",1766,0,"3:container4=1766",""
642512000000,/,7103,0,3,"3:container4=3551;4:container5=3552","",1772,0,"4:container5=1772","",3560,0,"3:container4=1780;4:container5=1780","",1771,0,"3:container4=1771",""
642708000000,/,7123,0,3,"3:container4=3561;4:container5=3562","",1777,0,"4:container5=1777","",3570,0,"3:container4=1785;4:container5=1785","",1776,0,"3:container4=1776",""
642976000000,/,7143,0,3,"3:container4=3571;4:container5=3572","",1782,0,"4:container5=1782","",3580,0,"3:container4=1790;4:container5=1790","",1781,0,"3:container4=1781",""
643200000000,/,7163,0,3,"3:container4=3581;4:container5=3582","",1787,0,"4:container5=1787","",3590,0,"3:container4=1795;4:container5=1795","",1786,0,"3:container4=1786",""
643536000000,/,7183,0,3,"3:container4=3591;4:container5=3592","",1792,0,"4:container5=1792","",3600,0,"3:container4=1800;4:container5=1800","",1791,0,"3:container4=1791",""
643868000000,/,7203,0,3,"3:container4=3601;4:container5=3602","",1797,0,"4:container5=1797","",3610,0,"3:container4=1805;4:container5=1805","",1796,0,"3:container4=1796",""
644200000000,/,7223,0,3,"3:container4=3611;4:container5=3612","",1802,0,"4:container5=1802","",3620,0,"3:container4=1810;4:container5=1810","",1801,0,"3:container4=1801",""
644592000000,/,7243,0,3,"3:container4=3621;4:container5=3622","",1807,0,"4:container5=1807","",3630,0,"3:container4=1815;4:container5=1815","",1806,0,"3:container4=1806",""
645000000000,/,7263,0,3,"3:container4=3631;4:container5=3632","",1812,0,"4:container5=1812","",3640,0,"3:container4=1820;4:container5=1820","",1811,0,"3:container4=1811",""
645400000000,/,7283,0,3,"3:container4=3641;4:container5=3642","",1817,0,"4:container5=1817","",3650,0,"3:container4=1825;4:container5=1825","",1816,0,"3:container4=1816",""
645712000000,/,7303,0,3,"3:container4=3651;4:container5=3652","",1822,0,"4:container5=1822","",3660,0,"3:container4=1830;4:container5=1830","",1821,0,"3:container4=1821",""
645976000000,/,7323,0,3,"3:container4=3661;4:container5=3662","",1827,0,"4:container5=1827","",3670,0,"3:container4=1835;4:container5=1835","",1826,0,"3:container4=1826",""
646200000000,/,7343,0,3,"3:container4=3671;4:container5=3672","",1832,0,"4:container5=1832","",3680,0,"3:container4=1840;4:container5=1840","",1831,0,"3:container4=1831",""
646444000000,/,7363,0,3,"3:container4=3681;4:container5=3682","",1837,0,"4:container5=1837","",3690,0,"3:container4=1845;4:container5=1845","",1836,0,"3:container4=1836",""
646700000000,/,7383,0,3,"3:container4=3691;4:container5=3692","",1842,0,"4:container5=1842","",3700,0,"3:container4=1850;4:container5=1850","",1841,0,"3:container4=1841",""
646976000000,/,7403,0,3,"3:container4=3701;4:container5=3702","",1847,0,"4:container5=1847","",3710,0,"3:container4=1855;4:container5=1855","",1846,0,"3:container4=1846",""
647396000000,/,7423,0,3,"3:container4=3711;4:container5=3712","",1852,0,"4:container5=1852","",3720,0,"3:container4=1860;4:container5=1860","",1851,0,"3:container4=1851",""
647800000000,/,7443,0,3,"3:container4=3721;4:container5=3722","",1857,0,"4:container5=1857","",3730,0,"3:container4=1865;4:container5=1865","",1856,0,"3:container4=1856",""
648156000000,/,7459,0,3,"3:container4=3729;4:container5=3730","",1861,0,"4:container5=1861","",3738,0,"3:container4=1869;4:container5=1869","",1860,0,"3:container4=1860",""
648428000000,/,7483,0,3,"3:container4=3741;4:container5=3742","",1867,0,"4:container5=1867","",3750,0,"3:container4=1875;4:container5=1875","",1866,0,"3:container4=1866",""
648776000000,/,7503,0,3,"3:container4=3751;4:container5=3752","",1872,0,"4:container5=1872","",3760,0,"3:container4=1880;4:container5=1880","",1871,0,"3:container4=1871",""
649100000000,/,7523,0,3,"3:container4=3761;4:container5=3762","",1877,0,"4:container5=1877","",3770,0,"3:container4=1885;4:container5=1885","",1876,0,"3:container4=1876",""
649408000000,/,7543,0,3,"3:container4=3771;4:container5=3772","",1882,0,"4:container5=1882","",3780,0,"3:container4=1890;4:container5=1890","",1881,0,"3:container4=1881",""
649772000000,/,7563,0,3,"3:container4=3781;4:container5=3782","",1887,0,"4:container5=1887","",3790,0,"3:container4=1895;4:container5=1895","",1886,0,"3:container4=1886",""
650104000000,/,7583,0,3,"3:container4=3791;4:container5=3792","",1892,0,"4:container5=1892","",3800,0,"3:container4=1900;4:container5=1900","",1891,0,"3:container4=1891",""
650420000000,/,7603,0,3,"3:container4=3801;4:container5=3802","",1897,0,"4:container5=1897","",3810,0,"3:container4=1905;4:container5=1905","",1896,0,"3:container4=1896",""
650764000000,/,7619,0,3,"3:container4=3809;4:container5=3810","",1901,0,"4:container5=1901","",3818,0,"3:container4=1909;4:container5=1909","",1900,0,"3:container4=1900",""
651092000000,/,7643,0,3,"3:container4=3821;4:container5=3822","",1907,0,"4:container5=1907","",3830,0,"3:container4=1915;4:container5=1915","",1906,0,"3:container4=1906",""
651400000000,/,7663,0,3,"3:container4=3831;4:container5=3832","",1912,0,"4:container5=1912","",3840,0,"3:container4=1920;4:container5=1920","",1911,0,"3:container4=1911",""
651696000000,/,7683,0,3,"3:container4=3841;4:container5=3842","",1917,0,"4:container5=1917","",3850,0,"3:container4=1925;4:container5=1925","",1916,0,"3:container4=1916",""
651900000000,/,7703,0,3,"3:container4=3851;4:container5=3852","",1922,0,"4:container5=1922","",3860,0,"3:container4=1930;4:container5=1930","",1921,0,"3:container4=1921",""
652176000000,/,7723,0,3,"3:container4=3861;4:container5=3862","",1927,0,"4:container5=1927","",3870,0,"3:container4=1935;4:container5=1935","",1926,0,"3:container4=1926",""
652412000000,/,7743,0,3,"3:container4=3871;4:container5=3872","",1932,0,"4:container5=1932","",3880,0,"3:container4=1940;4:container5=1940","",1931,0,"3:container4=1931",""
652664000000,/,7763,0,3,"3:container4=3881;4:container5=3882","",1937,0,"4:container5=1937","",3890,0,"3:container4=1945;4:container5=1945","",1936,0,"3:container4=1936",""
652936000000,/,7783,0,3,"3:container4=3891;4:container5=3892","",1942,0,"4:container5=1942","",3900,0,"3:container4=1950;4:container5=1950","",1941,0,"3:container4=1941",""
653176000000,/,7803,0,3,"3:container4=3901;4:container5=3902","",1947,0,"4:container5=1947","",3910,0,"3:container4=1955;4:container5=1955","",1946,0,"3:container4=1946",""
653400000000,/,7823,0,3,"3:container4=3911;4:container5=3912","",1952,0,"4:container5=1952","",3920,0,"3:container4=1960;4:container5=1960","",1951,0,"3:container4=1951",""
653632000000,/,7843,0,3,"3:container4=3921;4:container5=3922","",1957,0,"4:container5=1957","",3930,0,"3:container4=1965;4:container5=1965","",1956,0,"3:container4=1956",""
653924000000,/,7863,0,3,"3:container4=3931;4:container5=3932","",1962,0,"4:container5=1962","",3940,0,"3:container4=1970;4:container5=1970","",1961,0,"3:container4=1961",""
654300000000,/,7883,0,3,"3:container4=3941;4:container5=3942","",1967,0,"4:container5=1967","",3950,0,"3:container4=1975;4:container5=1975","",1966,0,"3:container4=1966",""
654744000000,/,7903,0,3,"3:container4=3951;4:container5=3952","",1972,0,"4:container5=1972","",3960,0,"3:container4=1980;4:container5=1980","",1971,0,"3:container4=1971",""
